experiment,task,split,metric,mean,std,ci95_low,ci95_high,ci_method,n_seeds,seeds,values
classical_cv_bfs_colored_rotation,colored_rotation,test,accuracy,0.8588888888888889,0.0069388866648871,0.8416503476240872,0.8761274301536907,student_t_over_independent_seeds,3,"[0, 1, 2]","[0.8533333333333334, 0.8566666666666667, 0.8666666666666667]"
classical_cv_bfs_ganis3d,ganis3d,test,accuracy,0.6538461538461539,0.0,0.6538461538461539,0.6538461538461539,student_t_over_independent_seeds,3,"[0, 1, 2]","[0.6538461538461539, 0.6538461538461539, 0.6538461538461539]"
classical_cv_bfs_maze_solve,maze_solve,test,success_rate,1.0,0.0,1.0,1.0,student_t_over_independent_seeds,3,"[0, 1, 2]","[1.0, 1.0, 1.0]"
classical_cv_bfs_maze_trace,maze_trace,test,accuracy,1.0,0.0,1.0,1.0,student_t_over_independent_seeds,3,"[0, 1, 2]","[1.0, 1.0, 1.0]"
classical_cv_bfs_tetris_rotation,tetris_rotation,test,accuracy,0.8333333333333334,0.005773502691896263,0.81899,0.8476766666666667,student_t_over_independent_seeds,3,"[0, 1, 2]","[0.83, 0.83, 0.84]"
colored_rotation_cnn,colored_rotation,test_id,accuracy,0.6593333333333334,0.007767453465154036,0.6400363519084807,0.6786303147581861,student_t_over_independent_seeds,3,"[0, 1, 2]","[0.657, 0.668, 0.653]"
colored_rotation_cnn,colored_rotation,test_id,accuracy_ci95_high,0.6880449276037756,0.007575028400670867,0.6692259951188574,0.7068638600886937,student_t_over_independent_seeds,3,"[0, 1, 2]","[0.6857713764573843, 0.6964963651076094, 0.681867041246333]"
colored_rotation_cnn,colored_rotation,test_id,accuracy_ci95_low,0.629402278692161,0.007900430599604899,0.6097749370913587,0.6490296202929634,student_t_over_independent_seeds,3,"[0, 1, 2]","[0.6270270213781515, 0.6382178440412442, 0.6229619706570872]"
colored_rotation_cnn,colored_rotation,test_id,auc,0.7230773333333333,0.006963150244920276,0.7057785131295845,0.7403761535370822,student_t_over_independent_seeds,3,"[0, 1, 2]","[0.716496, 0.722368, 0.730368]"
colored_rotation_cnn,colored_rotation,test_id,balanced_accuracy,0.6593333333333333,0.007767453465153974,0.6400363519084807,0.6786303147581859,student_t_over_independent_seeds,3,"[0, 1, 2]","[0.657, 0.6679999999999999, 0.653]"
colored_rotation_cnn,colored_rotation,test_id,brier,0.22705897923362003,0.003305537670221023,0.21884690570043908,0.235271052766801,student_t_over_independent_seeds,3,"[0, 1, 2]","[0.22861285382496513, 0.22326282273341308, 0.22930126114248187]"
colored_rotation_cnn,colored_rotation,test_id,fn,147.66666666666666,37.753587026047384,53.873987916611156,241.45934541672216,student_t_over_independent_seeds,3,"[0, 1, 2]","[139.0, 189.0, 115.0]"
colored_rotation_cnn,colored_rotation,test_id,fp,193.0,45.50824101193101,79.94213806048987,306.05786193951013,student_t_over_independent_seeds,3,"[0, 1, 2]","[204.0, 143.0, 232.0]"
colored_rotation_cnn,colored_rotation,test_id,log_loss,0.6614009533171746,0.009770052813384857,0.6371288378155494,0.6856730688187999,student_t_over_independent_seeds,3,"[0, 1, 2]","[0.666236024286779, 0.6501561589987652, 0.6678106766659796]"
colored_rotation_cnn,colored_rotation,test_id,n,1000.0,0.0,1000.0,1000.0,student_t_over_independent_seeds,3,"[0, 1, 2]","[1000.0, 1000.0, 1000.0]"
colored_rotation_cnn,colored_rotation,test_id,threshold,0.5,0.0,0.5,0.5,student_t_over_independent_seeds,3,"[0, 1, 2]","[0.5, 0.5, 0.5]"
colored_rotation_cnn,colored_rotation,test_id,tn,307.0,45.50824101193101,193.94213806048987,420.05786193951013,student_t_over_independent_seeds,3,"[0, 1, 2]","[296.0, 357.0, 268.0]"
colored_rotation_cnn,colored_rotation,test_id,tp,352.3333333333333,37.753587026047384,258.54065458327784,446.1260120833888,student_t_over_independent_seeds,3,"[0, 1, 2]","[361.0, 311.0, 385.0]"
colored_rotation_cnn,colored_rotation,test_ood_angle,accuracy,0.6766666666666667,0.0015275252316519481,0.6728717773694964,0.6804615559638371,student_t_over_independent_seeds,3,"[0, 1, 2]","[0.677, 0.675, 0.678]"
colored_rotation_cnn,colored_rotation,test_ood_angle,accuracy_ci95_high,0.7049336971542058,0.0014861905851691615,0.7012414970986203,0.7086258972097914,student_t_over_independent_seeds,3,"[0, 1, 2]","[0.705258107224752, 0.703312098054589, 0.7062308861832765]"
colored_rotation_cnn,colored_rotation,test_ood_angle,accuracy_ci95_low,0.6470475148475648,0.0015571689426323878,0.6431789805465693,0.6509160491485604,student_t_over_independent_seeds,3,"[0, 1, 2]","[0.6473872202713616, 0.6453485364754667, 0.6484067877958661]"
colored_rotation_cnn,colored_rotation,test_ood_angle,auc,0.7475946666666666,0.004111737994246891,0.7373797188649459,0.7578096144683873,student_t_over_independent_seeds,3,"[0, 1, 2]","[0.746904, 0.752008, 0.743872]"
colored_rotation_cnn,colored_rotation,test_ood_angle,balanced_accuracy,0.6766666666666667,0.0015275252316519481,0.6728717773694964,0.6804615559638371,student_t_over_independent_seeds,3,"[0, 1, 2]","[0.677, 0.675, 0.678]"
colored_rotation_cnn,colored_rotation,test_ood_angle,brier,0.21502588908527034,0.006699994069778474,0.19838083782218244,0.23167094034835825,student_t_over_independent_seeds,3,"[0, 1, 2]","[0.21250494310975063, 0.20995204726585098, 0.22262067688020942]"
colored_rotation_cnn,colored_rotation,test_ood_angle,fn,138.33333333333334,40.5010287935175,37.715080025209474,238.9515866414572,student_t_over_independent_seeds,3,"[0, 1, 2]","[131.0, 182.0, 102.0]"
colored_rotation_cnn,colored_rotation,test_ood_angle,fp,185.0,38.97435053981015,88.17453180937706,281.8254681906229,student_t_over_independent_seeds,3,"[0, 1, 2]","[192.0, 143.0, 220.0]"
colored_rotation_cnn,colored_rotation,test_ood_angle,log_loss,0.6264422526927178,0.02011064546247392,0.5764806077762571,0.6764038976091785,student_t_over_independent_seeds,3,"[0, 1, 2]","[0.6174248523148667, 0.6124184698117342, 0.6494834359515526]"
colored_rotation_cnn,colored_rotation,test_ood_angle,n,1000.0,0.0,1000.0,1000.0,student_t_over_independent_seeds,3,"[0, 1, 2]","[1000.0, 1000.0, 1000.0]"
colored_rotation_cnn,colored_rotation,test_ood_angle,threshold,0.5,0.0,0.5,0.5,student_t_over_independent_seeds,3,"[0, 1, 2]","[0.5, 0.5, 0.5]"
colored_rotation_cnn,colored_rotation,test_ood_angle,tn,315.0,38.97435053981015,218.17453180937707,411.8254681906229,student_t_over_independent_seeds,3,"[0, 1, 2]","[308.0, 357.0, 280.0]"
colored_rotation_cnn,colored_rotation,test_ood_angle,tp,361.6666666666667,40.5010287935175,261.0484133585428,462.28491997479057,student_t_over_independent_seeds,3,"[0, 1, 2]","[369.0, 318.0, 398.0]"
colored_rotation_cnn,colored_rotation,validation,accuracy,0.6733333333333333,0.0037859388972001857,0.6639277806766428,0.6827388859900239,student_t_over_independent_seeds,3,"[0, 1, 2]","[0.675, 0.676, 0.669]"
colored_rotation_cnn,colored_rotation,validation,accuracy_ci95_high,0.7016892539814502,0.003685813675241148,0.6925324462392893,0.7108460617236111,student_t_over_independent_seeds,3,"[0, 1, 2]","[0.703312098054589, 0.7042851777277892, 0.6974704861619725]"
colored_rotation_cnn,colored_rotation,validation,accuracy_ci95_low,0.6436508030768907,0.0038570883867055485,0.6340684910249194,0.6532331151288621,student_t_over_independent_seeds,3,"[0, 1, 2]","[0.6453485364754667, 0.6463678032852955, 0.63923606946991]"
colored_rotation_cnn,colored_rotation,validation,auc,0.73728,0.002890060206985312,0.7301001130034327,0.7444598869965674,student_t_over_independent_seeds,3,"[0, 1, 2]","[0.737064, 0.740272, 0.734504]"
colored_rotation_cnn,colored_rotation,validation,balanced_accuracy,0.6733333333333333,0.0037859388972001466,0.6639277806766429,0.6827388859900237,student_t_over_independent_seeds,3,"[0, 1, 2]","[0.675, 0.6759999999999999, 0.669]"
colored_rotation_cnn,colored_rotation,validation,brier,0.21817593868965288,0.0048519964772457,0.206121938454583,0.23022993892472277,student_t_over_independent_seeds,3,"[0, 1, 2]","[0.21710832830356197, 0.21394665393363818, 0.22347283383175848]"
colored_rotation_cnn,colored_rotation,validation,fn,148.66666666666666,35.23256069793017,61.1370699477409,236.19626338559243,student_t_over_independent_seeds,3,"[0, 1, 2]","[138.0, 188.0, 120.0]"
colored_rotation_cnn,colored_rotation,validation,fp,178.0,38.301436004411116,82.84627910060478,273.15372089939524,student_t_over_independent_seeds,3,"[0, 1, 2]","[187.0, 136.0, 211.0]"
colored_rotation_cnn,colored_rotation,validation,log_loss,0.6367992256754442,0.014825693484616702,0.5999671888867262,0.6736312624641623,student_t_over_independent_seeds,3,"[0, 1, 2]","[0.6346067692863244, 0.6231918475594366, 0.6525990601805717]"
colored_rotation_cnn,colored_rotation,validation,n,1000.0,0.0,1000.0,1000.0,student_t_over_independent_seeds,3,"[0, 1, 2]","[1000.0, 1000.0, 1000.0]"
colored_rotation_cnn,colored_rotation,validation,threshold,0.5,0.0,0.5,0.5,student_t_over_independent_seeds,3,"[0, 1, 2]","[0.5, 0.5, 0.5]"
colored_rotation_cnn,colored_rotation,validation,tn,322.0,38.301436004411116,226.84627910060476,417.15372089939524,student_t_over_independent_seeds,3,"[0, 1, 2]","[313.0, 364.0, 289.0]"
colored_rotation_cnn,colored_rotation,validation,tp,351.3333333333333,35.23256069793017,263.80373661440757,438.86293005225906,student_t_over_independent_seeds,3,"[0, 1, 2]","[362.0, 312.0, 380.0]"
colored_rotation_orbit_flow,colored_rotation,validation,velocity_mse,0.4902190685272217,0.024076515531168772,0.430404861069858,0.5500332759845854,student_t_over_independent_seeds,3,"[0, 1, 2]","[0.48496985137462617, 0.516487130522728, 0.4692002236843109]"
colored_rotation_vit,colored_rotation,test_id,accuracy,0.564,0.020074859899884685,0.514127258523986,0.6138727414760139,student_t_over_independent_seeds,3,"[0, 1, 2]","[0.573, 0.578, 0.541]"
colored_rotation_vit,colored_rotation,test_id,accuracy_ci95_high,0.5944151064230477,0.019851937551003077,0.5450961794558494,0.643734033390246,student_t_over_independent_seeds,3,"[0, 1, 2]","[0.6033208895009023, 0.6082546913527831, 0.5716697384154579]"
colored_rotation_vit,colored_rotation,test_id,accuracy_ci95_low,0.5330950684908011,0.02014414041498807,0.48305021078402355,0.5831399261975787,student_t_over_independent_seeds,3,"[0, 1, 2]","[0.5421204037602065, 0.5471483343234702, 0.5100164673887266]"
colored_rotation_vit,colored_rotation,test_id,auc,0.5968906666666666,0.02768368077646711,0.5281150407666735,0.6656662925666597,student_t_over_independent_seeds,3,"[0, 1, 2]","[0.610932, 0.61474, 0.565]"
colored_rotation_vit,colored_rotation,test_id,balanced_accuracy,0.564,0.02007485989988475,0.5141272585239858,0.6138727414760141,student_t_over_independent_seeds,3,"[0, 1, 2]","[0.573, 0.578, 0.5409999999999999]"
colored_rotation_vit,colored_rotation,test_id,brier,0.2571155788858058,0.009762761286157065,0.23286157800386958,0.28136957976774196,student_t_over_independent_seeds,3,"[0, 1, 2]","[0.2464765666673058, 0.2592070713346999, 0.26566309865541154]"
colored_rotation_vit,colored_rotation,test_id,fn,221.33333333333334,28.431203515386635,150.70060813145227,291.9660585352144,student_t_over_independent_seeds,3,"[0, 1, 2]","[198.0, 213.0, 253.0]"
colored_rotation_vit,colored_rotation,test_id,fp,214.66666666666666,12.503332889007368,183.60415903912457,245.72917429420875,student_t_over_independent_seeds,3,"[0, 1, 2]","[229.0, 209.0, 206.0]"
colored_rotation_vit,colored_rotation,test_id,log_loss,0.7168682983555291,0.027293910606836978,0.6490609933804127,0.7846756033306456,student_t_over_independent_seeds,3,"[0, 1, 2]","[0.6855583659886088, 0.7294049865529592, 0.7356415425250196]"
colored_rotation_vit,colored_rotation,test_id,n,1000.0,0.0,1000.0,1000.0,student_t_over_independent_seeds,3,"[0, 1, 2]","[1000.0, 1000.0, 1000.0]"
colored_rotation_vit,colored_rotation,test_id,threshold,0.5,0.0,0.5,0.5,student_t_over_independent_seeds,3,"[0, 1, 2]","[0.5, 0.5, 0.5]"
colored_rotation_vit,colored_rotation,test_id,tn,285.3333333333333,12.503332889007368,254.27082570579122,316.39584096087543,student_t_over_independent_seeds,3,"[0, 1, 2]","[271.0, 291.0, 294.0]"
colored_rotation_vit,colored_rotation,test_id,tp,278.6666666666667,28.431203515386635,208.0339414647856,349.2993918685478,student_t_over_independent_seeds,3,"[0, 1, 2]","[302.0, 287.0, 247.0]"
colored_rotation_vit,colored_rotation,test_ood_angle,accuracy,0.5896666666666667,0.014571661996262942,0.5534657300105831,0.6258676033227503,student_t_over_independent_seeds,3,"[0, 1, 2]","[0.596, 0.6, 0.573]"
colored_rotation_vit,colored_rotation,test_ood_angle,accuracy_ci95_high,0.6197452998895696,0.014359416411723029,0.5840716530487063,0.6554189467304329,student_t_over_independent_seeds,3,"[0, 1, 2]","[0.6259897913791838, 0.6299252187886226, 0.6033208895009023]"
colored_rotation_vit,colored_rotation,test_ood_angle,accuracy_ci95_low,0.5589017680886874,0.014672383817382149,0.5224506043639855,0.5953529318133893,student_t_over_independent_seeds,3,"[0, 1, 2]","[0.5652754709915896, 0.5693094295142662, 0.5421204037602065]"
colored_rotation_vit,colored_rotation,test_ood_angle,auc,0.625572,0.027313395468158135,0.5577162880394196,0.6934277119605804,student_t_over_independent_seeds,3,"[0, 1, 2]","[0.638036, 0.64443, 0.59425]"
colored_rotation_vit,colored_rotation,test_ood_angle,balanced_accuracy,0.5896666666666667,0.014571661996262966,0.553465730010583,0.6258676033227504,student_t_over_independent_seeds,3,"[0, 1, 2]","[0.5960000000000001, 0.6, 0.573]"
colored_rotation_vit,colored_rotation,test_ood_angle,brier,0.24635131934833923,0.006117798454124792,0.23115263889793788,0.2615499997987406,student_t_over_independent_seeds,3,"[0, 1, 2]","[0.23999624088459834, 0.2468573063694033, 0.252200410791016]"
colored_rotation_vit,colored_rotation,test_ood_angle,fn,211.66666666666666,39.878983604567125,112.59378398875567,310.73954934457765,student_t_over_independent_seeds,3,"[0, 1, 2]","[182.0, 196.0, 257.0]"
colored_rotation_vit,colored_rotation,test_ood_angle,fp,198.66666666666666,26.407069760451147,133.06257429092804,264.2707590424053,student_t_over_independent_seeds,3,"[0, 1, 2]","[222.0, 204.0, 170.0]"
colored_rotation_vit,colored_rotation,test_ood_angle,log_loss,0.6895654530453706,0.012579112635782638,0.6583146828974977,0.7208162231932436,student_t_over_independent_seeds,3,"[0, 1, 2]","[0.6751949790175981, 0.6949200667046207, 0.6985813134138934]"
colored_rotation_vit,colored_rotation,test_ood_angle,n,1000.0,0.0,1000.0,1000.0,student_t_over_independent_seeds,3,"[0, 1, 2]","[1000.0, 1000.0, 1000.0]"
colored_rotation_vit,colored_rotation,test_ood_angle,threshold,0.5,0.0,0.5,0.5,student_t_over_independent_seeds,3,"[0, 1, 2]","[0.5, 0.5, 0.5]"
colored_rotation_vit,colored_rotation,test_ood_angle,tn,301.3333333333333,26.407069760451147,235.7292409575947,366.93742570907193,student_t_over_independent_seeds,3,"[0, 1, 2]","[278.0, 296.0, 330.0]"
colored_rotation_vit,colored_rotation,test_ood_angle,tp,288.3333333333333,39.878983604567125,189.26045065542235,387.4062160112443,student_t_over_independent_seeds,3,"[0, 1, 2]","[318.0, 304.0, 243.0]"
colored_rotation_vit,colored_rotation,validation,accuracy,0.598,0.017058722109231997,0.5556203648788713,0.6403796351211286,student_t_over_independent_seeds,3,"[0, 1, 2]","[0.603, 0.612, 0.579]"
colored_rotation_vit,colored_rotation,validation,accuracy_ci95_high,0.6279451215051984,0.016790858351625845,0.5862309505517157,0.6696592924586812,student_t_over_independent_seeds,3,"[0, 1, 2]","[0.6328754143992976, 0.6417188815228144, 0.6092410685934831]"
colored_rotation_vit,colored_rotation,validation,accuracy_ci95_low,0.5673048338316328,0.01719603030609268,0.5245840787107272,0.6100255889525383,student_t_over_independent_seeds,3,"[0, 1, 2]","[0.572336273352678, 0.5814239245764211, 0.5481543035657991]"
colored_rotation_vit,colored_rotation,validation,auc,0.6242826666666667,0.01425840234154355,0.5888599729399284,0.6597053603934049,student_t_over_independent_seeds,3,"[0, 1, 2]","[0.622744, 0.639248, 0.610856]"
colored_rotation_vit,colored_rotation,validation,balanced_accuracy,0.598,0.017058722109231997,0.5556203648788713,0.6403796351211286,student_t_over_independent_seeds,3,"[0, 1, 2]","[0.603, 0.612, 0.579]"
colored_rotation_vit,colored_rotation,validation,brier,0.24821988768548406,0.0023844561825835373,0.24229609208501987,0.2541436832859483,student_t_over_independent_seeds,3,"[0, 1, 2]","[0.2455341424710332, 0.24903767861434728, 0.25008784197107164]"
colored_rotation_vit,colored_rotation,validation,fn,207.33333333333334,23.860706890897706,148.05526752668123,266.61139913998545,student_t_over_independent_seeds,3,"[0, 1, 2]","[188.0, 200.0, 234.0]"
colored_rotation_vit,colored_rotation,validation,fp,194.66666666666666,12.42309676905615,163.80349269760694,225.52984063572637,student_t_over_independent_seeds,3,"[0, 1, 2]","[209.0, 188.0, 187.0]"
colored_rotation_vit,colored_rotation,validation,log_loss,0.7005485465946982,0.007681635759548325,0.6814647653748324,0.7196323278145641,student_t_over_independent_seeds,3,"[0, 1, 2]","[0.6925054698581966, 0.7078087907847908, 0.7013313791411073]"
colored_rotation_vit,colored_rotation,validation,n,1000.0,0.0,1000.0,1000.0,student_t_over_independent_seeds,3,"[0, 1, 2]","[1000.0, 1000.0, 1000.0]"
colored_rotation_vit,colored_rotation,validation,threshold,0.5,0.0,0.5,0.5,student_t_over_independent_seeds,3,"[0, 1, 2]","[0.5, 0.5, 0.5]"
colored_rotation_vit,colored_rotation,validation,tn,305.3333333333333,12.42309676905615,274.4701593642736,336.196507302393,student_t_over_independent_seeds,3,"[0, 1, 2]","[291.0, 312.0, 313.0]"
colored_rotation_vit,colored_rotation,validation,tp,292.6666666666667,23.860706890897706,233.38860086001458,351.9447324733188,student_t_over_independent_seeds,3,"[0, 1, 2]","[312.0, 300.0, 266.0]"
dinov3_vits16_frozen_colored,colored,test_id,accuracy,0.5226666666666667,0.0109696551146029,0.49541433333333335,0.549919,student_t_over_independent_seeds,3,"[0, 1, 2]","[0.51, 0.529, 0.529]"
dinov3_vits16_frozen_colored,colored,test_id,accuracy_ci95_high,0.5534736925411385,0.010901288340147452,0.5263912053977646,0.5805561796845125,student_t_over_independent_seeds,3,"[0, 1, 2]","[0.5408859690257428, 0.5597675542988364, 0.5597675542988364]"
dinov3_vits16_frozen_colored,colored,test_id,accuracy_ci95_low,0.49168616107418295,0.01095406544747159,0.46447255774655893,0.518899764401807,student_t_over_independent_seeds,3,"[0, 1, 2]","[0.47903749580454597, 0.49801049370900147, 0.49801049370900147]"
dinov3_vits16_frozen_colored,colored,test_id,auc,0.5320293333333334,0.012799563950906026,0.5002308875602244,0.5638277791064423,student_t_over_independent_seeds,3,"[0, 1, 2]","[0.517348, 0.540844, 0.537896]"
dinov3_vits16_frozen_colored,colored,test_id,balanced_accuracy,0.5226666666666667,0.0109696551146029,0.49541433333333335,0.549919,student_t_over_independent_seeds,3,"[0, 1, 2]","[0.51, 0.529, 0.529]"
dinov3_vits16_frozen_colored,colored,test_id,brier,0.24919308482465607,0.0007288282630264751,0.24738242892351375,0.2510037407257984,student_t_over_independent_seeds,3,"[0, 1, 2]","[0.24990737767194532, 0.2484505425873085, 0.24922133421471437]"
dinov3_vits16_frozen_colored,colored,test_id,fn,118.33333333333333,45.54484969053398,5.184523054813624,231.48214361185302,student_t_over_independent_seeds,3,"[0, 1, 2]","[84.0, 101.0, 170.0]"
dinov3_vits16_frozen_colored,colored,test_id,fp,359.0,53.3572862878164,226.44245498275097,491.557545017249,student_t_over_independent_seeds,3,"[0, 1, 2]","[406.0, 370.0, 301.0]"
dinov3_vits16_frozen_colored,colored,test_id,log_loss,0.6906745973186807,0.0020864625006838953,0.6854911188079987,0.6958580758293628,student_t_over_independent_seeds,3,"[0, 1, 2]","[0.6929619589071428, 0.6888757001560024, 0.6901861328928971]"
dinov3_vits16_frozen_colored,colored,test_id,n,1000.0,0.0,1000.0,1000.0,student_t_over_independent_seeds,3,"[0, 1, 2]","[1000.0, 1000.0, 1000.0]"
dinov3_vits16_frozen_colored,colored,test_id,threshold,0.5,0.0,0.5,0.5,student_t_over_independent_seeds,3,"[0, 1, 2]","[0.5, 0.5, 0.5]"
dinov3_vits16_frozen_colored,colored,test_id,tn,141.0,53.3572862878164,8.442454982750974,273.557545017249,student_t_over_independent_seeds,3,"[0, 1, 2]","[94.0, 130.0, 199.0]"
dinov3_vits16_frozen_colored,colored,test_id,tp,381.6666666666667,45.54484969053398,268.517856388147,494.8154769451864,student_t_over_independent_seeds,3,"[0, 1, 2]","[416.0, 399.0, 330.0]"
dinov3_vits16_frozen_colored,colored,test_ood_angle,accuracy,0.508,0.006244997998398403,0.49248531286167846,0.5235146871383216,student_t_over_independent_seeds,3,"[0, 1, 2]","[0.503, 0.506, 0.515]"
dinov3_vits16_frozen_colored,colored,test_ood_angle,accuracy_ci95_high,0.5388942383328775,0.00621390465107258,0.5234567975853421,0.5543316790804129,student_t_over_independent_seeds,3,"[0, 1, 2]","[0.5339183647348104, 0.5369052205347923, 0.5458591297290302]"
dinov3_vits16_frozen_colored,colored,test_ood_angle,accuracy_ci95_low,0.47704453353135357,0.0062282952845980465,0.4615713415831089,0.4925177254795982,student_t_over_independent_seeds,3,"[0, 1, 2]","[0.4720586747142764, 0.47504885836338107, 0.4840260675164033]"
dinov3_vits16_frozen_colored,colored,test_ood_angle,auc,0.50136,0.010770636378598986,0.47460209651669333,0.5281179034833067,student_t_over_independent_seeds,3,"[0, 1, 2]","[0.504372, 0.489404, 0.510304]"
dinov3_vits16_frozen_colored,colored,test_ood_angle,balanced_accuracy,0.508,0.006244997998398403,0.49248531286167846,0.5235146871383216,student_t_over_independent_seeds,3,"[0, 1, 2]","[0.503, 0.506, 0.515]"
dinov3_vits16_frozen_colored,colored,test_ood_angle,brier,0.252657812400362,0.0022893649704850646,0.2469702555313898,0.2583453692693342,student_t_over_independent_seeds,3,"[0, 1, 2]","[0.25007915312268003, 0.25445120474889554, 0.25344307932951043]"
dinov3_vits16_frozen_colored,colored,test_ood_angle,fn,111.33333333333333,46.371686763943934,-3.8696198787166622,226.53628654538332,student_t_over_independent_seeds,3,"[0, 1, 2]","[71.0, 101.0, 162.0]"
dinov3_vits16_frozen_colored,colored,test_ood_angle,fp,380.6666666666667,52.59594407683289,250.00055319377307,511.3327801395603,student_t_over_independent_seeds,3,"[0, 1, 2]","[426.0, 393.0, 323.0]"
dinov3_vits16_frozen_colored,colored,test_ood_angle,log_loss,0.6986069530405379,0.004698207039256609,0.6869350177823008,0.710278888298775,student_t_over_independent_seeds,3,"[0, 1, 2]","[0.6933055801919257, 0.7022550029009684, 0.7002602760287198]"
dinov3_vits16_frozen_colored,colored,test_ood_angle,n,1000.0,0.0,1000.0,1000.0,student_t_over_independent_seeds,3,"[0, 1, 2]","[1000.0, 1000.0, 1000.0]"
dinov3_vits16_frozen_colored,colored,test_ood_angle,threshold,0.5,0.0,0.5,0.5,student_t_over_independent_seeds,3,"[0, 1, 2]","[0.5, 0.5, 0.5]"
dinov3_vits16_frozen_colored,colored,test_ood_angle,tn,119.33333333333333,52.59594407683289,-11.332780139560285,249.99944680622696,student_t_over_independent_seeds,3,"[0, 1, 2]","[74.0, 107.0, 177.0]"
dinov3_vits16_frozen_colored,colored,test_ood_angle,tp,388.6666666666667,46.371686763943934,273.4637134546167,503.86961987871666,student_t_over_independent_seeds,3,"[0, 1, 2]","[429.0, 399.0, 338.0]"
dinov3_vits16_frozen_colored,colored,train,accuracy,0.5676,0.04194329505415617,0.4633986695139964,0.6718013304860035,student_t_over_independent_seeds,3,"[0, 1, 2]","[0.5204, 0.5818, 0.6006]"
dinov3_vits16_frozen_colored,colored,train,accuracy_ci95_high,0.5812414463840924,0.04177465016461077,0.47745908684082483,0.6850238059273599,student_t_over_independent_seeds,3,"[0, 1, 2]","[0.5342265296279407, 0.5954044091532701, 0.6140934003710662]"
dinov3_vits16_frozen_colored,colored,train,accuracy_ci95_low,0.5538547603129359,0.0420475479230493,0.4493944304414138,0.658315090184458,student_t_over_independent_seeds,3,"[0, 1, 2]","[0.5065421481327008, 0.5680699948085185, 0.5869521379975883]"
dinov3_vits16_frozen_colored,colored,train,auc,0.61889008,0.06576025032438973,0.4555193775302363,0.7822607824697637,student_t_over_independent_seeds,3,"[0, 1, 2]","[0.54305616, 0.65344208, 0.660172]"
dinov3_vits16_frozen_colored,colored,train,balanced_accuracy,0.5676,0.04194329505415617,0.4633986695139964,0.6718013304860035,student_t_over_independent_seeds,3,"[0, 1, 2]","[0.5204, 0.5818, 0.6006]"
dinov3_vits16_frozen_colored,colored,train,brier,0.2399784181322773,0.008586760708469966,0.21864600041849905,0.2613108358460556,student_t_over_independent_seeds,3,"[0, 1, 2]","[0.24955741167303327, 0.23740581592956383, 0.23297202679423484]"
dinov3_vits16_frozen_colored,colored,train,fn,459.3333333333333,136.0784087698461,121.26854309861449,797.3981235680521,student_t_over_independent_seeds,3,"[0, 1, 2]","[406.0, 358.0, 614.0]"
dinov3_vits16_frozen_colored,colored,train,fp,1702.6666666666667,305.6310411809202,943.3757934113787,2461.957539921955,student_t_over_independent_seeds,3,"[0, 1, 2]","[1992.0, 1733.0, 1383.0]"
dinov3_vits16_frozen_colored,colored,train,log_loss,0.671698079936205,0.018435784856318214,0.6258973552172319,0.7174988046551781,student_t_over_independent_seeds,3,"[0, 1, 2]","[0.6922617571233659, 0.6661837929863019, 0.6566486896989472]"
dinov3_vits16_frozen_colored,colored,train,n,5000.0,0.0,5000.0,5000.0,student_t_over_independent_seeds,3,"[0, 1, 2]","[5000.0, 5000.0, 5000.0]"
dinov3_vits16_frozen_colored,colored,train,threshold,0.5,0.0,0.5,0.5,student_t_over_independent_seeds,3,"[0, 1, 2]","[0.5, 0.5, 0.5]"
dinov3_vits16_frozen_colored,colored,train,tn,797.3333333333334,305.6310411809202,38.04246007804534,1556.6242065886213,student_t_over_independent_seeds,3,"[0, 1, 2]","[508.0, 767.0, 1117.0]"
dinov3_vits16_frozen_colored,colored,train,tp,2040.6666666666667,136.0784087698461,1702.6018764319479,2378.7314569013856,student_t_over_independent_seeds,3,"[0, 1, 2]","[2094.0, 2142.0, 1886.0]"
dinov3_vits16_frozen_colored,colored,validation,accuracy,0.5236666666666667,0.004041451884327384,0.5136263333333334,0.533707,student_t_over_independent_seeds,3,"[0, 1, 2]","[0.52, 0.528, 0.523]"
dinov3_vits16_frozen_colored,colored,validation,accuracy_ci95_high,0.5544712907291817,0.004013941201201421,0.5444993032370752,0.5644432782212881,student_t_over_independent_seeds,3,"[0, 1, 2]","[0.5508292050030589, 0.5587748993294154, 0.553809767855071]"
dinov3_vits16_frozen_colored,colored,validation,accuracy_ci95_low,0.4926809093691687,0.0040380313166379096,0.48264907388284045,0.5027127448554969,student_t_over_independent_seeds,3,"[0, 1, 2]","[0.4890177246575191, 0.4970108021953935, 0.4920142012545935]"
dinov3_vits16_frozen_colored,colored,validation,auc,0.5117373333333334,0.019389182791787085,0.46356804569553867,0.5599066209711281,student_t_over_independent_seeds,3,"[0, 1, 2]","[0.489474, 0.524918, 0.52082]"
dinov3_vits16_frozen_colored,colored,validation,balanced_accuracy,0.5236666666666667,0.004041451884327384,0.5136263333333334,0.533707,student_t_over_independent_seeds,3,"[0, 1, 2]","[0.52, 0.528, 0.523]"
dinov3_vits16_frozen_colored,colored,validation,brier,0.25065938254636194,0.0008552434723583522,0.24853466851056327,0.2527840965821606,student_t_over_independent_seeds,3,"[0, 1, 2]","[0.25010045506776596, 0.25023376370023875, 0.2516439288710812]"
dinov3_vits16_frozen_colored,colored,validation,fn,124.66666666666667,49.86314604327863,0.7897477641617598,248.54358556917157,student_t_over_independent_seeds,3,"[0, 1, 2]","[81.0, 114.0, 179.0]"
dinov3_vits16_frozen_colored,colored,validation,fp,351.6666666666667,50.796981537620255,225.4697845652807,477.8635487680527,student_t_over_independent_seeds,3,"[0, 1, 2]","[399.0, 358.0, 298.0]"
dinov3_vits16_frozen_colored,colored,validation,log_loss,0.6939682326021659,0.0014414283441776003,0.6903872370921658,0.697549228112166,student_t_over_independent_seeds,3,"[0, 1, 2]","[0.6933483076638131, 0.692940478556342, 0.6956159115863427]"
dinov3_vits16_frozen_colored,colored,validation,n,1000.0,0.0,1000.0,1000.0,student_t_over_independent_seeds,3,"[0, 1, 2]","[1000.0, 1000.0, 1000.0]"
dinov3_vits16_frozen_colored,colored,validation,threshold,0.5,0.0,0.5,0.5,student_t_over_independent_seeds,3,"[0, 1, 2]","[0.5, 0.5, 0.5]"
dinov3_vits16_frozen_colored,colored,validation,tn,148.33333333333334,50.796981537620255,22.136451231947362,274.5302154347193,student_t_over_independent_seeds,3,"[0, 1, 2]","[101.0, 142.0, 202.0]"
dinov3_vits16_frozen_colored,colored,validation,tp,375.3333333333333,49.86314604327863,251.4564144308284,499.2102522358382,student_t_over_independent_seeds,3,"[0, 1, 2]","[419.0, 386.0, 321.0]"
dinov3_vits16_frozen_ganis3d,ganis3d,test_ganis3d,accuracy,0.5042735042735043,0.007401926528072099,0.4858846153846154,0.522662393162393,student_t_over_independent_seeds,3,"[0, 1, 2]","[0.5, 0.5, 0.5128205128205128]"
dinov3_vits16_frozen_ganis3d,ganis3d,test_ganis3d,accuracy_ci95_high,0.6123872783187112,0.0070348988004735715,0.5949102104370093,0.6298643462004131,student_t_over_independent_seeds,3,"[0, 1, 2]","[0.608325677602536, 0.608325677602536, 0.6205104797510615]"
dinov3_vits16_frozen_ganis3d,ganis3d,test_ganis3d,accuracy_ci95_low,0.39575855236750934,0.0070740938179140985,0.37818411080640413,0.41333299392861456,student_t_over_independent_seeds,3,"[0, 1, 2]","[0.39167432239746397, 0.39167432239746397, 0.4039270123076001]"
dinov3_vits16_frozen_ganis3d,ganis3d,test_ganis3d,auc,0.5441595441595442,0.050587575518111855,0.4184828974334757,0.6698361908856125,student_t_over_independent_seeds,3,"[0, 1, 2]","[0.5811965811965812, 0.48652202498356345, 0.5647600262984879]"
dinov3_vits16_frozen_ganis3d,ganis3d,test_ganis3d,balanced_accuracy,0.5042735042735043,0.007401926528072099,0.4858846153846154,0.522662393162393,student_t_over_independent_seeds,3,"[0, 1, 2]","[0.5, 0.5, 0.5128205128205128]"
dinov3_vits16_frozen_ganis3d,ganis3d,test_ganis3d,brier,0.4358963435965398,0.010944163443597024,0.40870734019548033,0.46308534699759923,student_t_over_independent_seeds,3,"[0, 1, 2]","[0.4288518763472652, 0.43033252613390116, 0.44850462830845306]"
dinov3_vits16_frozen_ganis3d,ganis3d,test_ganis3d,fn,38.0,0.0,38.0,38.0,student_t_over_independent_seeds,3,"[0, 1, 2]","[38.0, 38.0, 38.0]"
dinov3_vits16_frozen_ganis3d,ganis3d,test_ganis3d,fp,0.6666666666666666,0.5773502691896257,-0.7676666666666666,2.101,student_t_over_independent_seeds,3,"[0, 1, 2]","[1.0, 1.0, 0.0]"
dinov3_vits16_frozen_ganis3d,ganis3d,test_ganis3d,log_loss,1.664579956172086,0.283708633119637,0.959751758881891,2.369408153462281,student_t_over_independent_seeds,3,"[0, 1, 2]","[1.5642547044684112, 1.444665331205646, 1.9848198328422002]"
dinov3_vits16_frozen_ganis3d,ganis3d,test_ganis3d,n,78.0,0.0,78.0,78.0,student_t_over_independent_seeds,3,"[0, 1, 2]","[78.0, 78.0, 78.0]"
dinov3_vits16_frozen_ganis3d,ganis3d,test_ganis3d,threshold,0.5,0.0,0.5,0.5,student_t_over_independent_seeds,3,"[0, 1, 2]","[0.5, 0.5, 0.5]"
dinov3_vits16_frozen_ganis3d,ganis3d,test_ganis3d,tn,38.333333333333336,0.5773502691896257,36.899,39.76766666666667,student_t_over_independent_seeds,3,"[0, 1, 2]","[38.0, 38.0, 39.0]"
dinov3_vits16_frozen_ganis3d,ganis3d,test_ganis3d,tp,1.0,0.0,1.0,1.0,student_t_over_independent_seeds,3,"[0, 1, 2]","[1.0, 1.0, 1.0]"
dinov3_vits16_frozen_ganis3d,ganis3d,train,accuracy,0.8480666666666666,0.014893398985232816,0.8110664265158544,0.8850669068174789,student_t_over_independent_seeds,3,"[0, 1, 2]","[0.837, 0.8422, 0.865]"
dinov3_vits16_frozen_ganis3d,ganis3d,train,accuracy_ci95_high,0.8577374980353477,0.014473299015902696,0.8217809282896575,0.8936940677810379,student_t_over_independent_seeds,3,"[0, 1, 2]","[0.8469787293310457, 0.8520415468901322, 0.8741922178848653]"
dinov3_vits16_frozen_ganis3d,ganis3d,train,accuracy_ci95_low,0.8378614123839666,0.015290633135074932,0.7998743082570509,0.8758485165108824,student_t_over_independent_seeds,3,"[0, 1, 2]","[0.8265038395579859, 0.8318330378986706, 0.855247359695243]"
dinov3_vits16_frozen_ganis3d,ganis3d,train,auc,0.91819632,0.012146286333394244,0.8880208367727176,0.9483718032272823,student_t_over_independent_seeds,3,"[0, 1, 2]","[0.90497696, 0.92074784, 0.92886416]"
dinov3_vits16_frozen_ganis3d,ganis3d,train,balanced_accuracy,0.8480666666666666,0.014893398985232793,0.8110664265158544,0.8850669068174789,student_t_over_independent_seeds,3,"[0, 1, 2]","[0.837, 0.8422000000000001, 0.865]"
dinov3_vits16_frozen_ganis3d,ganis3d,train,brier,0.1255917354960044,0.00940422991966899,0.10222844778671675,0.14895502320529203,student_t_over_independent_seeds,3,"[0, 1, 2]","[0.13485332417797213, 0.12587080588803837, 0.11605107642200264]"
dinov3_vits16_frozen_ganis3d,ganis3d,train,fn,331.3333333333333,31.085902485424697,254.10543804859108,408.5612286180756,student_t_over_independent_seeds,3,"[0, 1, 2]","[367.0, 317.0, 310.0]"
dinov3_vits16_frozen_ganis3d,ganis3d,train,fp,428.3333333333333,56.1456439390745,288.8485648645941,567.8181018020725,student_t_over_independent_seeds,3,"[0, 1, 2]","[448.0, 472.0, 365.0]"
dinov3_vits16_frozen_ganis3d,ganis3d,train,log_loss,0.4043428936612646,0.024959414447656383,0.3423352666915837,0.46635052063094545,student_t_over_independent_seeds,3,"[0, 1, 2]","[0.42827961963432365, 0.4062758698849654, 0.3784731914645047]"
dinov3_vits16_frozen_ganis3d,ganis3d,train,n,5000.0,0.0,5000.0,5000.0,student_t_over_independent_seeds,3,"[0, 1, 2]","[5000.0, 5000.0, 5000.0]"
dinov3_vits16_frozen_ganis3d,ganis3d,train,threshold,0.5,0.0,0.5,0.5,student_t_over_independent_seeds,3,"[0, 1, 2]","[0.5, 0.5, 0.5]"
dinov3_vits16_frozen_ganis3d,ganis3d,train,tn,2071.6666666666665,56.1456439390745,1932.1818981979272,2211.151435135406,student_t_over_independent_seeds,3,"[0, 1, 2]","[2052.0, 2028.0, 2135.0]"
dinov3_vits16_frozen_ganis3d,ganis3d,train,tp,2168.6666666666665,31.085902485424697,2091.438771381924,2245.894561951409,student_t_over_independent_seeds,3,"[0, 1, 2]","[2133.0, 2183.0, 2190.0]"
dinov3_vits16_frozen_ganis3d,ganis3d,validation,accuracy,0.834,0.013114877048604014,0.8014182098506951,0.8665817901493048,student_t_over_independent_seeds,3,"[0, 1, 2]","[0.82, 0.836, 0.846]"
dinov3_vits16_frozen_ganis3d,ganis3d,validation,accuracy_ci95_high,0.8557575541870897,0.01234526372567435,0.8250877438215735,0.8864273645526058,student_t_over_independent_seeds,3,"[0, 1, 2]","[0.8425731074712568, 0.857655812264513, 0.8670437428254991]"
dinov3_vits16_frozen_ganis3d,ganis3d,validation,accuracy_ci95_low,0.8096861711445594,0.013784129743397579,0.7754417309545558,0.843930611334563,student_t_over_independent_seeds,3,"[0, 1, 2]","[0.7949777670979878, 0.8117726060331938, 0.8223081403024968]"
dinov3_vits16_frozen_ganis3d,ganis3d,validation,auc,0.9133226666666667,0.012490481068931402,0.8822920873067859,0.9443532460265476,student_t_over_independent_seeds,3,"[0, 1, 2]","[0.898944, 0.919536, 0.921488]"
dinov3_vits16_frozen_ganis3d,ganis3d,validation,balanced_accuracy,0.834,0.013114877048604014,0.8014182098506951,0.8665817901493048,student_t_over_independent_seeds,3,"[0, 1, 2]","[0.82, 0.836, 0.846]"
dinov3_vits16_frozen_ganis3d,ganis3d,validation,brier,0.1301210306424246,0.009057090599860866,0.10762015440894755,0.1526219068759017,student_t_over_independent_seeds,3,"[0, 1, 2]","[0.13994175084455754, 0.12832450759034636, 0.12209683349236992]"
dinov3_vits16_frozen_ganis3d,ganis3d,validation,fn,78.0,10.44030650891055,52.06274763331062,103.93725236668938,student_t_over_independent_seeds,3,"[0, 1, 2]","[90.0, 71.0, 73.0]"
dinov3_vits16_frozen_ganis3d,ganis3d,validation,fp,88.0,6.244997998398398,72.48531286167845,103.51468713832155,student_t_over_independent_seeds,3,"[0, 1, 2]","[90.0, 93.0, 81.0]"
dinov3_vits16_frozen_ganis3d,ganis3d,validation,log_loss,0.41525917171806687,0.02376769620327843,0.3562121759164497,0.474306167519684,student_t_over_independent_seeds,3,"[0, 1, 2]","[0.44031579204557847, 0.4124276505142468, 0.3930340725943752]"
dinov3_vits16_frozen_ganis3d,ganis3d,validation,n,1000.0,0.0,1000.0,1000.0,student_t_over_independent_seeds,3,"[0, 1, 2]","[1000.0, 1000.0, 1000.0]"
dinov3_vits16_frozen_ganis3d,ganis3d,validation,threshold,0.5,0.0,0.5,0.5,student_t_over_independent_seeds,3,"[0, 1, 2]","[0.5, 0.5, 0.5]"
dinov3_vits16_frozen_ganis3d,ganis3d,validation,tn,412.0,6.244997998398398,396.48531286167844,427.51468713832156,student_t_over_independent_seeds,3,"[0, 1, 2]","[410.0, 407.0, 419.0]"
dinov3_vits16_frozen_ganis3d,ganis3d,validation,tp,422.0,10.44030650891055,396.0627476333106,447.9372523666894,student_t_over_independent_seeds,3,"[0, 1, 2]","[410.0, 429.0, 427.0]"
dinov3_vits16_frozen_tetris,tetris,test_id,accuracy,0.82,0.017521415467935193,0.7764708780891076,0.8635291219108923,student_t_over_independent_seeds,3,"[0, 1, 2]","[0.819, 0.803, 0.838]"
dinov3_vits16_frozen_tetris,tetris,test_id,accuracy_ci95_high,0.8425452619906303,0.016551096458221635,0.8014267406698314,0.8836637833114291,student_t_over_independent_seeds,3,"[0, 1, 2]","[0.841628059556019, 0.8264718382642149, 0.8595358881516569]"
dinov3_vits16_frozen_tetris,tetris,test_id,accuracy_ci95_low,0.7950056125786144,0.01835766649396271,0.7493989602920126,0.8406122648652161,student_t_over_independent_seeds,3,"[0, 1, 2]","[0.7939304685301967, 0.7772091460935389, 0.8138772231121078]"
dinov3_vits16_frozen_tetris,tetris,test_id,auc,0.9028066666666668,0.004200284434813085,0.8923717395594364,0.9132415937738971,student_t_over_independent_seeds,3,"[0, 1, 2]","[0.902436, 0.898804, 0.90718]"
dinov3_vits16_frozen_tetris,tetris,test_id,balanced_accuracy,0.82,0.017521415467935248,0.7764708780891075,0.8635291219108924,student_t_over_independent_seeds,3,"[0, 1, 2]","[0.819, 0.8029999999999999, 0.838]"
dinov3_vits16_frozen_tetris,tetris,test_id,brier,0.13314208584058726,0.004492018249784431,0.12198239327016377,0.14430177841101074,student_t_over_independent_seeds,3,"[0, 1, 2]","[0.1322116172679931, 0.13802647153105205, 0.12918816872271666]"
dinov3_vits16_frozen_tetris,tetris,test_id,fn,82.0,8.18535277187245,61.664815360235025,102.33518463976498,student_t_over_independent_seeds,3,"[0, 1, 2]","[89.0, 84.0, 73.0]"
dinov3_vits16_frozen_tetris,tetris,test_id,fp,98.0,13.076696830622021,65.51306242502996,130.48693757497006,student_t_over_independent_seeds,3,"[0, 1, 2]","[92.0, 113.0, 89.0]"
dinov3_vits16_frozen_tetris,tetris,test_id,log_loss,0.42196485459784744,0.012447073661537284,0.39104211391868,0.4528875952770149,student_t_over_independent_seeds,3,"[0, 1, 2]","[0.418885147852679, 0.4356626764482884, 0.4113467394925749]"
dinov3_vits16_frozen_tetris,tetris,test_id,n,1000.0,0.0,1000.0,1000.0,student_t_over_independent_seeds,3,"[0, 1, 2]","[1000.0, 1000.0, 1000.0]"
dinov3_vits16_frozen_tetris,tetris,test_id,threshold,0.5,0.0,0.5,0.5,student_t_over_independent_seeds,3,"[0, 1, 2]","[0.5, 0.5, 0.5]"
dinov3_vits16_frozen_tetris,tetris,test_id,tn,402.0,13.076696830622021,369.51306242502994,434.48693757497006,student_t_over_independent_seeds,3,"[0, 1, 2]","[408.0, 387.0, 411.0]"
dinov3_vits16_frozen_tetris,tetris,test_id,tp,418.0,8.18535277187245,397.664815360235,438.335184639765,student_t_over_independent_seeds,3,"[0, 1, 2]","[411.0, 416.0, 427.0]"
dinov3_vits16_frozen_tetris,tetris,test_ood_angle,accuracy,0.612,0.02088061301782112,0.5601254952666213,0.6638745047333787,student_t_over_independent_seeds,3,"[0, 1, 2]","[0.636, 0.598, 0.602]"
dinov3_vits16_frozen_tetris,tetris,test_ood_angle,accuracy_ci95_high,0.6416994208879305,0.020488627391049057,0.590798741024255,0.692600100751606,student_t_over_independent_seeds,3,"[0, 1, 2]","[0.665248349087225, 0.6279577664396891, 0.6318921471368775]"
dinov3_vits16_frozen_tetris,tetris,test_ood_angle,accuracy_ci95_low,0.5814433852113051,0.02111278960695255,0.528992075306469,0.6338946951161413,student_t_over_independent_seeds,3,"[0, 1, 2]","[0.605710772604704, 0.5672921888971421, 0.5713271941320692]"
dinov3_vits16_frozen_tetris,tetris,test_ood_angle,auc,0.655084,0.0023708766311219365,0.6491939405980838,0.6609740594019162,student_t_over_independent_seeds,3,"[0, 1, 2]","[0.657764, 0.65326, 0.654228]"
dinov3_vits16_frozen_tetris,tetris,test_ood_angle,balanced_accuracy,0.612,0.02088061301782112,0.5601254952666213,0.6638745047333787,student_t_over_independent_seeds,3,"[0, 1, 2]","[0.636, 0.598, 0.602]"
dinov3_vits16_frozen_tetris,tetris,test_ood_angle,brier,0.25027229383457017,0.004673628140785939,0.23866142087292228,0.2618831667962181,student_t_over_independent_seeds,3,"[0, 1, 2]","[0.2504336000568189, 0.24552010080331838, 0.2548631806435732]"
dinov3_vits16_frozen_tetris,tetris,test_ood_angle,fn,263.0,7.211102550927978,245.08518240859445,280.91481759140555,student_t_over_independent_seeds,3,"[0, 1, 2]","[255.0, 265.0, 269.0]"
dinov3_vits16_frozen_tetris,tetris,test_ood_angle,fp,125.0,14.422205101855956,89.17036481718893,160.82963518281107,student_t_over_independent_seeds,3,"[0, 1, 2]","[109.0, 137.0, 129.0]"
dinov3_vits16_frozen_tetris,tetris,test_ood_angle,log_loss,0.7355769219460032,0.026525976860726597,0.6696774241178094,0.801476419774197,student_t_over_independent_seeds,3,"[0, 1, 2]","[0.7429744446983502, 0.7061374352253065, 0.7576188859143531]"
dinov3_vits16_frozen_tetris,tetris,test_ood_angle,n,1000.0,0.0,1000.0,1000.0,student_t_over_independent_seeds,3,"[0, 1, 2]","[1000.0, 1000.0, 1000.0]"
dinov3_vits16_frozen_tetris,tetris,test_ood_angle,threshold,0.5,0.0,0.5,0.5,student_t_over_independent_seeds,3,"[0, 1, 2]","[0.5, 0.5, 0.5]"
dinov3_vits16_frozen_tetris,tetris,test_ood_angle,tn,375.0,14.422205101855956,339.1703648171889,410.8296351828111,student_t_over_independent_seeds,3,"[0, 1, 2]","[391.0, 363.0, 371.0]"
dinov3_vits16_frozen_tetris,tetris,test_ood_angle,tp,237.0,7.211102550927978,219.08518240859445,254.91481759140555,student_t_over_independent_seeds,3,"[0, 1, 2]","[245.0, 235.0, 231.0]"
dinov3_vits16_frozen_tetris,tetris,train,accuracy,0.8517999999999999,0.011818629362155348,0.8224385275055898,0.88116147249441,student_t_over_independent_seeds,3,"[0, 1, 2]","[0.8482, 0.8422, 0.865]"
dinov3_vits16_frozen_tetris,tetris,train,accuracy_ci95_high,0.8613707391608818,0.01148085819452572,0.8328484044838838,0.8898930738378799,student_t_over_independent_seeds,3,"[0, 1, 2]","[0.857878452707648, 0.8520415468901322, 0.8741922178848653]"
dinov3_vits16_frozen_tetris,tetris,train,accuracy_ci95_low,0.841689105750576,0.012138255751854975,0.8115335732038468,0.8718446382973052,student_t_over_independent_seeds,3,"[0, 1, 2]","[0.8379869196578142, 0.8318330378986706, 0.855247359695243]"
dinov3_vits16_frozen_tetris,tetris,train,auc,0.9248829866666667,0.004060350160532167,0.9147957036236863,0.934970269709647,student_t_over_independent_seeds,3,"[0, 1, 2]","[0.92503696, 0.92074784, 0.92886416]"
dinov3_vits16_frozen_tetris,tetris,train,balanced_accuracy,0.8518,0.011818629362155287,0.82243852750559,0.88116147249441,student_t_over_independent_seeds,3,"[0, 1, 2]","[0.8482000000000001, 0.8422000000000001, 0.865]"
dinov3_vits16_frozen_tetris,tetris,train,brier,0.12053103808225733,0.004966006610189543,0.10819379811777907,0.1328682780467356,student_t_over_independent_seeds,3,"[0, 1, 2]","[0.11967123193673096, 0.12587080588803837, 0.11605107642200264]"
dinov3_vits16_frozen_tetris,tetris,train,fn,322.6666666666667,16.258331197676267,282.27547326871036,363.057860064623,student_t_over_independent_seeds,3,"[0, 1, 2]","[341.0, 317.0, 310.0]"
dinov3_vits16_frozen_tetris,tetris,train,fp,418.3333333333333,53.500778810530726,285.41930435929646,551.2473623073702,student_t_over_independent_seeds,3,"[0, 1, 2]","[418.0, 472.0, 365.0]"
dinov3_vits16_frozen_tetris,tetris,train,log_loss,0.39086939009349636,0.014143676196299252,0.3557317149128822,0.42600706527411053,student_t_over_independent_seeds,3,"[0, 1, 2]","[0.38785910893101905, 0.4062758698849654, 0.3784731914645047]"
dinov3_vits16_frozen_tetris,tetris,train,n,5000.0,0.0,5000.0,5000.0,student_t_over_independent_seeds,3,"[0, 1, 2]","[5000.0, 5000.0, 5000.0]"
dinov3_vits16_frozen_tetris,tetris,train,threshold,0.5,0.0,0.5,0.5,student_t_over_independent_seeds,3,"[0, 1, 2]","[0.5, 0.5, 0.5]"
dinov3_vits16_frozen_tetris,tetris,train,tn,2081.6666666666665,53.500778810530726,1948.7526376926296,2214.580695640703,student_t_over_independent_seeds,3,"[0, 1, 2]","[2082.0, 2028.0, 2135.0]"
dinov3_vits16_frozen_tetris,tetris,train,tp,2177.3333333333335,16.258331197676267,2136.9421399353773,2217.7245267312896,student_t_over_independent_seeds,3,"[0, 1, 2]","[2159.0, 2183.0, 2190.0]"
dinov3_vits16_frozen_tetris,tetris,validation,accuracy,0.8409999999999999,0.0050000000000000044,0.828578308958385,0.8534216910416147,student_t_over_independent_seeds,3,"[0, 1, 2]","[0.841, 0.836, 0.846]"
dinov3_vits16_frozen_tetris,tetris,validation,accuracy_ci95_high,0.8623510841143626,0.004693965826020099,0.8506896854642186,0.8740124827645065,student_t_over_independent_seeds,3,"[0, 1, 2]","[0.8623536972530759, 0.857655812264513, 0.8670437428254991]"
dinov3_vits16_frozen_tetris,tetris,validation,accuracy_ci95_low,0.8170390665984888,0.005267767620755952,0.8039521502256782,0.8301259829712994,student_t_over_independent_seeds,3,"[0, 1, 2]","[0.8170364534597756, 0.8117726060331938, 0.8223081403024968]"
dinov3_vits16_frozen_tetris,tetris,validation,auc,0.9203146666666666,0.0010341166923192482,0.9177455710560734,0.9228837622772599,student_t_over_independent_seeds,3,"[0, 1, 2]","[0.91992, 0.919536, 0.921488]"
dinov3_vits16_frozen_tetris,tetris,validation,balanced_accuracy,0.8409999999999999,0.0050000000000000044,0.828578308958385,0.8534216910416147,student_t_over_independent_seeds,3,"[0, 1, 2]","[0.841, 0.836, 0.846]"
dinov3_vits16_frozen_tetris,tetris,validation,brier,0.12490166136994359,0.0031595001458627225,0.11705239443837485,0.1327509283015123,student_t_over_independent_seeds,3,"[0, 1, 2]","[0.1242836430271145, 0.12832450759034636, 0.12209683349236992]"
dinov3_vits16_frozen_tetris,tetris,validation,fn,74.0,3.605551275463989,65.04259120429722,82.95740879570278,student_t_over_independent_seeds,3,"[0, 1, 2]","[78.0, 71.0, 73.0]"
dinov3_vits16_frozen_tetris,tetris,validation,fp,85.0,6.928203230275509,67.788,102.212,student_t_over_independent_seeds,3,"[0, 1, 2]","[81.0, 93.0, 81.0]"
dinov3_vits16_frozen_tetris,tetris,validation,log_loss,0.4015396808990397,0.009913851430902657,0.37691032099761096,0.4261690408004684,student_t_over_independent_seeds,3,"[0, 1, 2]","[0.3991573195884971, 0.4124276505142468, 0.3930340725943752]"
dinov3_vits16_frozen_tetris,tetris,validation,n,1000.0,0.0,1000.0,1000.0,student_t_over_independent_seeds,3,"[0, 1, 2]","[1000.0, 1000.0, 1000.0]"
dinov3_vits16_frozen_tetris,tetris,validation,threshold,0.5,0.0,0.5,0.5,student_t_over_independent_seeds,3,"[0, 1, 2]","[0.5, 0.5, 0.5]"
dinov3_vits16_frozen_tetris,tetris,validation,tn,415.0,6.928203230275509,397.788,432.212,student_t_over_independent_seeds,3,"[0, 1, 2]","[419.0, 407.0, 419.0]"
dinov3_vits16_frozen_tetris,tetris,validation,tp,426.0,3.605551275463989,417.04259120429725,434.95740879570275,student_t_over_independent_seeds,3,"[0, 1, 2]","[422.0, 429.0, 427.0]"
exact_rotation_search_colored,colored_rotation,test_id,accuracy,1.0,0.0,nan,nan,undefined_single_seed,1,[0],[1.0]
exact_rotation_search_colored,colored_rotation,test_id,accuracy_ci95_high,1.0,0.0,nan,nan,undefined_single_seed,1,[0],[1.0]
exact_rotation_search_colored,colored_rotation,test_id,accuracy_ci95_low,0.996173241514445,0.0,nan,nan,undefined_single_seed,1,[0],[0.996173241514445]
exact_rotation_search_colored,colored_rotation,test_id,auc,1.0,0.0,nan,nan,undefined_single_seed,1,[0],[1.0]
exact_rotation_search_colored,colored_rotation,test_id,balanced_accuracy,1.0,0.0,nan,nan,undefined_single_seed,1,[0],[1.0]
exact_rotation_search_colored,colored_rotation,test_id,brier,0.09419897305664712,0.0,nan,nan,undefined_single_seed,1,[0],[0.09419897305664712]
exact_rotation_search_colored,colored_rotation,test_id,fn,0.0,0.0,nan,nan,undefined_single_seed,1,[0],[0.0]
exact_rotation_search_colored,colored_rotation,test_id,fp,0.0,0.0,nan,nan,undefined_single_seed,1,[0],[0.0]
exact_rotation_search_colored,colored_rotation,test_id,log_loss,0.35739878119945523,0.0,nan,nan,undefined_single_seed,1,[0],[0.35739878119945523]
exact_rotation_search_colored,colored_rotation,test_id,mean_min_original_mse,0.03238420688406992,0.0,nan,nan,undefined_single_seed,1,[0],[0.03238420688406992]
exact_rotation_search_colored,colored_rotation,test_id,n,1000.0,0.0,nan,nan,undefined_single_seed,1,[0],[1000.0]
exact_rotation_search_colored,colored_rotation,test_id,same_angle_mae_deg,0.0,0.0,nan,nan,undefined_single_seed,1,[0],[0.0]
exact_rotation_search_colored,colored_rotation,test_id,threshold,0.5,0.0,nan,nan,undefined_single_seed,1,[0],[0.5]
exact_rotation_search_colored,colored_rotation,test_id,tn,500.0,0.0,nan,nan,undefined_single_seed,1,[0],[500.0]
exact_rotation_search_colored,colored_rotation,test_id,tp,500.0,0.0,nan,nan,undefined_single_seed,1,[0],[500.0]
exact_rotation_search_colored,colored_rotation,test_ood_angle,accuracy,1.0,0.0,nan,nan,undefined_single_seed,1,[0],[1.0]
exact_rotation_search_colored,colored_rotation,test_ood_angle,accuracy_ci95_high,1.0,0.0,nan,nan,undefined_single_seed,1,[0],[1.0]
exact_rotation_search_colored,colored_rotation,test_ood_angle,accuracy_ci95_low,0.996173241514445,0.0,nan,nan,undefined_single_seed,1,[0],[0.996173241514445]
exact_rotation_search_colored,colored_rotation,test_ood_angle,auc,1.0,0.0,nan,nan,undefined_single_seed,1,[0],[1.0]
exact_rotation_search_colored,colored_rotation,test_ood_angle,balanced_accuracy,1.0,0.0,nan,nan,undefined_single_seed,1,[0],[1.0]
exact_rotation_search_colored,colored_rotation,test_ood_angle,brier,0.09287667938606448,0.0,nan,nan,undefined_single_seed,1,[0],[0.09287667938606448]
exact_rotation_search_colored,colored_rotation,test_ood_angle,fn,0.0,0.0,nan,nan,undefined_single_seed,1,[0],[0.0]
exact_rotation_search_colored,colored_rotation,test_ood_angle,fp,0.0,0.0,nan,nan,undefined_single_seed,1,[0],[0.0]
exact_rotation_search_colored,colored_rotation,test_ood_angle,log_loss,0.35486064836027525,0.0,nan,nan,undefined_single_seed,1,[0],[0.35486064836027525]
exact_rotation_search_colored,colored_rotation,test_ood_angle,mean_min_original_mse,0.032215415676007976,0.0,nan,nan,undefined_single_seed,1,[0],[0.032215415676007976]
exact_rotation_search_colored,colored_rotation,test_ood_angle,n,1000.0,0.0,nan,nan,undefined_single_seed,1,[0],[1000.0]
exact_rotation_search_colored,colored_rotation,test_ood_angle,same_angle_mae_deg,1.0,0.0,nan,nan,undefined_single_seed,1,[0],[1.0]
exact_rotation_search_colored,colored_rotation,test_ood_angle,threshold,0.5,0.0,nan,nan,undefined_single_seed,1,[0],[0.5]
exact_rotation_search_colored,colored_rotation,test_ood_angle,tn,500.0,0.0,nan,nan,undefined_single_seed,1,[0],[500.0]
exact_rotation_search_colored,colored_rotation,test_ood_angle,tp,500.0,0.0,nan,nan,undefined_single_seed,1,[0],[500.0]
exact_rotation_search_colored,colored_rotation,validation,accuracy,1.0,0.0,nan,nan,undefined_single_seed,1,[0],[1.0]
exact_rotation_search_colored,colored_rotation,validation,accuracy_ci95_high,1.0,0.0,nan,nan,undefined_single_seed,1,[0],[1.0]
exact_rotation_search_colored,colored_rotation,validation,accuracy_ci95_low,0.996173241514445,0.0,nan,nan,undefined_single_seed,1,[0],[0.996173241514445]
exact_rotation_search_colored,colored_rotation,validation,auc,1.0,0.0,nan,nan,undefined_single_seed,1,[0],[1.0]
exact_rotation_search_colored,colored_rotation,validation,balanced_accuracy,1.0,0.0,nan,nan,undefined_single_seed,1,[0],[1.0]
exact_rotation_search_colored,colored_rotation,validation,brier,0.091956871283034,0.0,nan,nan,undefined_single_seed,1,[0],[0.091956871283034]
exact_rotation_search_colored,colored_rotation,validation,fn,0.0,0.0,nan,nan,undefined_single_seed,1,[0],[0.0]
exact_rotation_search_colored,colored_rotation,validation,fp,0.0,0.0,nan,nan,undefined_single_seed,1,[0],[0.0]
exact_rotation_search_colored,colored_rotation,validation,log_loss,0.35291886095069624,0.0,nan,nan,undefined_single_seed,1,[0],[0.35291886095069624]
exact_rotation_search_colored,colored_rotation,validation,mean_min_original_mse,0.03267359112049143,0.0,nan,nan,undefined_single_seed,1,[0],[0.03267359112049143]
exact_rotation_search_colored,colored_rotation,validation,n,1000.0,0.0,nan,nan,undefined_single_seed,1,[0],[1000.0]
exact_rotation_search_colored,colored_rotation,validation,same_angle_mae_deg,0.0,0.0,nan,nan,undefined_single_seed,1,[0],[0.0]
exact_rotation_search_colored,colored_rotation,validation,threshold,0.5,0.0,nan,nan,undefined_single_seed,1,[0],[0.5]
exact_rotation_search_colored,colored_rotation,validation,tn,500.0,0.0,nan,nan,undefined_single_seed,1,[0],[500.0]
exact_rotation_search_colored,colored_rotation,validation,tp,500.0,0.0,nan,nan,undefined_single_seed,1,[0],[500.0]
exact_rotation_search_tetris,tetris_rotation,test_id,accuracy,1.0,0.0,nan,nan,undefined_single_seed,1,[0],[1.0]
exact_rotation_search_tetris,tetris_rotation,test_id,accuracy_ci95_high,1.0,0.0,nan,nan,undefined_single_seed,1,[0],[1.0]
exact_rotation_search_tetris,tetris_rotation,test_id,accuracy_ci95_low,0.996173241514445,0.0,nan,nan,undefined_single_seed,1,[0],[0.996173241514445]
exact_rotation_search_tetris,tetris_rotation,test_id,auc,1.0,0.0,nan,nan,undefined_single_seed,1,[0],[1.0]
exact_rotation_search_tetris,tetris_rotation,test_id,balanced_accuracy,1.0,0.0,nan,nan,undefined_single_seed,1,[0],[1.0]
exact_rotation_search_tetris,tetris_rotation,test_id,brier,0.08088072729974811,0.0,nan,nan,undefined_single_seed,1,[0],[0.08088072729974811]
exact_rotation_search_tetris,tetris_rotation,test_id,fn,0.0,0.0,nan,nan,undefined_single_seed,1,[0],[0.0]
exact_rotation_search_tetris,tetris_rotation,test_id,fp,0.0,0.0,nan,nan,undefined_single_seed,1,[0],[0.0]
exact_rotation_search_tetris,tetris_rotation,test_id,log_loss,0.32904523624591003,0.0,nan,nan,undefined_single_seed,1,[0],[0.32904523624591003]
exact_rotation_search_tetris,tetris_rotation,test_id,mean_min_original_mse,0.016927856606691834,0.0,nan,nan,undefined_single_seed,1,[0],[0.016927856606691834]
exact_rotation_search_tetris,tetris_rotation,test_id,n,1000.0,0.0,nan,nan,undefined_single_seed,1,[0],[1000.0]
exact_rotation_search_tetris,tetris_rotation,test_id,same_angle_mae_deg,0.0,0.0,nan,nan,undefined_single_seed,1,[0],[0.0]
exact_rotation_search_tetris,tetris_rotation,test_id,threshold,0.5,0.0,nan,nan,undefined_single_seed,1,[0],[0.5]
exact_rotation_search_tetris,tetris_rotation,test_id,tn,500.0,0.0,nan,nan,undefined_single_seed,1,[0],[500.0]
exact_rotation_search_tetris,tetris_rotation,test_id,tp,500.0,0.0,nan,nan,undefined_single_seed,1,[0],[500.0]
exact_rotation_search_tetris,tetris_rotation,test_ood_angle,accuracy,1.0,0.0,nan,nan,undefined_single_seed,1,[0],[1.0]
exact_rotation_search_tetris,tetris_rotation,test_ood_angle,accuracy_ci95_high,1.0,0.0,nan,nan,undefined_single_seed,1,[0],[1.0]
exact_rotation_search_tetris,tetris_rotation,test_ood_angle,accuracy_ci95_low,0.996173241514445,0.0,nan,nan,undefined_single_seed,1,[0],[0.996173241514445]
exact_rotation_search_tetris,tetris_rotation,test_ood_angle,auc,1.0,0.0,nan,nan,undefined_single_seed,1,[0],[1.0]
exact_rotation_search_tetris,tetris_rotation,test_ood_angle,balanced_accuracy,1.0,0.0,nan,nan,undefined_single_seed,1,[0],[1.0]
exact_rotation_search_tetris,tetris_rotation,test_ood_angle,brier,0.08146926238610999,0.0,nan,nan,undefined_single_seed,1,[0],[0.08146926238610999]
exact_rotation_search_tetris,tetris_rotation,test_ood_angle,fn,0.0,0.0,nan,nan,undefined_single_seed,1,[0],[0.0]
exact_rotation_search_tetris,tetris_rotation,test_ood_angle,fp,0.0,0.0,nan,nan,undefined_single_seed,1,[0],[0.0]
exact_rotation_search_tetris,tetris_rotation,test_ood_angle,log_loss,0.3309874749634265,0.0,nan,nan,undefined_single_seed,1,[0],[0.3309874749634265]
exact_rotation_search_tetris,tetris_rotation,test_ood_angle,mean_min_original_mse,0.0170053916167235,0.0,nan,nan,undefined_single_seed,1,[0],[0.0170053916167235]
exact_rotation_search_tetris,tetris_rotation,test_ood_angle,n,1000.0,0.0,nan,nan,undefined_single_seed,1,[0],[1000.0]
exact_rotation_search_tetris,tetris_rotation,test_ood_angle,same_angle_mae_deg,1.0,0.0,nan,nan,undefined_single_seed,1,[0],[1.0]
exact_rotation_search_tetris,tetris_rotation,test_ood_angle,threshold,0.5,0.0,nan,nan,undefined_single_seed,1,[0],[0.5]
exact_rotation_search_tetris,tetris_rotation,test_ood_angle,tn,500.0,0.0,nan,nan,undefined_single_seed,1,[0],[500.0]
exact_rotation_search_tetris,tetris_rotation,test_ood_angle,tp,500.0,0.0,nan,nan,undefined_single_seed,1,[0],[500.0]
exact_rotation_search_tetris,tetris_rotation,validation,accuracy,1.0,0.0,nan,nan,undefined_single_seed,1,[0],[1.0]
exact_rotation_search_tetris,tetris_rotation,validation,accuracy_ci95_high,1.0,0.0,nan,nan,undefined_single_seed,1,[0],[1.0]
exact_rotation_search_tetris,tetris_rotation,validation,accuracy_ci95_low,0.996173241514445,0.0,nan,nan,undefined_single_seed,1,[0],[0.996173241514445]
exact_rotation_search_tetris,tetris_rotation,validation,auc,1.0,0.0,nan,nan,undefined_single_seed,1,[0],[1.0]
exact_rotation_search_tetris,tetris_rotation,validation,balanced_accuracy,1.0,0.0,nan,nan,undefined_single_seed,1,[0],[1.0]
exact_rotation_search_tetris,tetris_rotation,validation,brier,0.08045491193744363,0.0,nan,nan,undefined_single_seed,1,[0],[0.08045491193744363]
exact_rotation_search_tetris,tetris_rotation,validation,fn,0.0,0.0,nan,nan,undefined_single_seed,1,[0],[0.0]
exact_rotation_search_tetris,tetris_rotation,validation,fp,0.0,0.0,nan,nan,undefined_single_seed,1,[0],[0.0]
exact_rotation_search_tetris,tetris_rotation,validation,log_loss,0.3281620434682569,0.0,nan,nan,undefined_single_seed,1,[0],[0.3281620434682569]
exact_rotation_search_tetris,tetris_rotation,validation,mean_min_original_mse,0.017089439103175928,0.0,nan,nan,undefined_single_seed,1,[0],[0.017089439103175928]
exact_rotation_search_tetris,tetris_rotation,validation,n,1000.0,0.0,nan,nan,undefined_single_seed,1,[0],[1000.0]
exact_rotation_search_tetris,tetris_rotation,validation,same_angle_mae_deg,0.0,0.0,nan,nan,undefined_single_seed,1,[0],[0.0]
exact_rotation_search_tetris,tetris_rotation,validation,threshold,0.5,0.0,nan,nan,undefined_single_seed,1,[0],[0.5]
exact_rotation_search_tetris,tetris_rotation,validation,tn,500.0,0.0,nan,nan,undefined_single_seed,1,[0],[500.0]
exact_rotation_search_tetris,tetris_rotation,validation,tp,500.0,0.0,nan,nan,undefined_single_seed,1,[0],[500.0]
fot_colored_to_ganis3d,ganis3d,test_ganis3d,accuracy,0.5726495726495727,0.026688025634181156,0.5063474908618739,0.6389516544372715,student_t_over_independent_seeds,3,"[0, 1, 2]","[0.6025641025641025, 0.5512820512820513, 0.5641025641025641]"
fot_colored_to_ganis3d,ganis3d,test_ganis3d,accuracy_ci95_high,0.6763684083249139,0.024559957027078753,0.6153531686877721,0.7373836479620556,student_t_over_independent_seeds,3,"[0, 1, 2]","[0.7038813535561762, 0.6566562768290142, 0.6685675945895508]"
fot_colored_to_ganis3d,ganis3d,test_ganis3d,accuracy_ci95_low,0.4621107133408358,0.026310872955070033,0.3967456063642241,0.5274758203174476,student_t_over_independent_seeds,3,"[0, 1, 2]","[0.4916185829131174, 0.4410936914056326, 0.45361986570375756]"
fot_colored_to_ganis3d,ganis3d,test_ganis3d,auc,0.670830593907517,0.017596583972076127,0.6271147280097249,0.7145464598053091,student_t_over_independent_seeds,3,"[0, 1, 2]","[0.6896778435239974, 0.6548323471400395, 0.6679815910585142]"
fot_colored_to_ganis3d,ganis3d,test_ganis3d,balanced_accuracy,0.5726495726495727,0.026688025634181156,0.5063474908618739,0.6389516544372715,student_t_over_independent_seeds,3,"[0, 1, 2]","[0.6025641025641025, 0.5512820512820513, 0.5641025641025641]"
fot_colored_to_ganis3d,ganis3d,test_ganis3d,brier,0.2295410324421603,0.008545460939624912,0.20831121732211869,0.25077084756220186,student_t_over_independent_seeds,3,"[0, 1, 2]","[0.22016461914028868, 0.23689139195591574, 0.23156708623027647]"
fot_colored_to_ganis3d,ganis3d,test_ganis3d,fn,20.333333333333332,0.5773502691896257,18.898999999999997,21.767666666666667,student_t_over_independent_seeds,3,"[0, 1, 2]","[20.0, 21.0, 20.0]"
fot_colored_to_ganis3d,ganis3d,test_ganis3d,fp,13.0,1.7320508075688772,8.697,17.303,student_t_over_independent_seeds,3,"[0, 1, 2]","[11.0, 14.0, 14.0]"
fot_colored_to_ganis3d,ganis3d,test_ganis3d,log_loss,0.6462559468870225,0.021518483494287706,0.5927967561569966,0.6997151376170484,student_t_over_independent_seeds,3,"[0, 1, 2]","[0.6222163395484134, 0.6637180011154296, 0.6528334999972244]"
fot_colored_to_ganis3d,ganis3d,test_ganis3d,n,78.0,0.0,78.0,78.0,student_t_over_independent_seeds,3,"[0, 1, 2]","[78.0, 78.0, 78.0]"
fot_colored_to_ganis3d,ganis3d,test_ganis3d,threshold,0.5,0.0,0.5,0.5,student_t_over_independent_seeds,3,"[0, 1, 2]","[0.5, 0.5, 0.5]"
fot_colored_to_ganis3d,ganis3d,test_ganis3d,tn,26.0,1.7320508075688772,21.697,30.303,student_t_over_independent_seeds,3,"[0, 1, 2]","[28.0, 25.0, 25.0]"
fot_colored_to_ganis3d,ganis3d,test_ganis3d,tp,18.666666666666668,0.5773502691896257,17.232333333333333,20.101000000000003,student_t_over_independent_seeds,3,"[0, 1, 2]","[19.0, 18.0, 19.0]"
fot_flow_ppo_colored,colored_rotation,test_id,accuracy,0.5016666666666666,0.005773502691896263,0.4873233333333332,0.51601,student_t_over_independent_seeds,3,"[0, 1, 2]","[0.505, 0.505, 0.495]"
fot_flow_ppo_colored,colored_rotation,test_id,accuracy_ci95_high,0.5702710308222101,0.0056646991493274935,0.5561980022868812,0.584344059357539,student_t_over_independent_seeds,3,"[0, 1, 2]","[0.5735415464009526, 0.5735415464009526, 0.5637299996647251]"
fot_flow_ppo_colored,colored_rotation,test_id,accuracy_ci95_low,0.4329994847565324,0.0056646991493274615,0.4189264562212036,0.44707251329186115,student_t_over_independent_seeds,3,"[0, 1, 2]","[0.43627000033527485, 0.43627000033527485, 0.4264584535990475]"
fot_flow_ppo_colored,colored_rotation,test_id,auc,0.48543333333333333,0.04700014184375758,0.36866908515428765,0.602197581512379,student_t_over_independent_seeds,3,"[0, 1, 2]","[0.4853, 0.4385, 0.5325]"
fot_flow_ppo_colored,colored_rotation,test_id,balanced_accuracy,0.5016666666666666,0.005773502691896263,0.4873233333333332,0.51601,student_t_over_independent_seeds,3,"[0, 1, 2]","[0.505, 0.505, 0.495]"
fot_flow_ppo_colored,colored_rotation,test_id,brier,0.3098925262100183,0.024678989813759863,0.24858156887288152,0.37120348354715504,student_t_over_independent_seeds,3,"[0, 1, 2]","[0.3113189315636959, 0.33382737749394714, 0.28453126957241187]"
fot_flow_ppo_colored,colored_rotation,test_id,commit_rate,0.07833333333333334,0.1313709759929237,-0.24803660179056528,0.4047032684572319,student_t_over_independent_seeds,3,"[0, 1, 2]","[0.0, 0.23, 0.005]"
fot_flow_ppo_colored,colored_rotation,test_id,fn,75.33333333333333,5.131601439446884,62.58469980743033,88.08196685923632,student_t_over_independent_seeds,3,"[0, 1, 2]","[74.0, 81.0, 71.0]"
fot_flow_ppo_colored,colored_rotation,test_id,fp,24.333333333333332,6.027713773341708,9.358453697385965,39.3082129692807,student_t_over_independent_seeds,3,"[0, 1, 2]","[25.0, 18.0, 30.0]"
fot_flow_ppo_colored,colored_rotation,test_id,log_loss,0.9056144093805343,0.07936058491917937,0.708455876030958,1.1027729427301105,student_t_over_independent_seeds,3,"[0, 1, 2]","[0.8864572233819663, 0.9928000517192725, 0.8375859530403641]"
fot_flow_ppo_colored,colored_rotation,test_id,mean_reward,-2.387684194937662,2.972707909709401,-9.772896037212606,4.997527647337282,student_t_over_independent_seeds,3,"[0, 1, 2]","[-0.72313768371474, -5.819756673648964, -0.620158227449283]"
fot_flow_ppo_colored,colored_rotation,test_id,mean_steps,21.24833333333333,18.881009197956907,-25.65847922884826,68.15514589551492,student_t_over_independent_seeds,3,"[0, 1, 2]","[7.62, 42.8, 13.325]"
fot_flow_ppo_colored,colored_rotation,test_id,mean_total_rotation_deg,277.2183333333333,130.57175329424558,-47.166062303280285,601.6027289699468,student_t_over_independent_seeds,3,"[0, 1, 2]","[358.5, 126.605, 346.55]"
fot_flow_ppo_colored,colored_rotation,test_id,n,200.0,0.0,200.0,200.0,student_t_over_independent_seeds,3,"[0, 1, 2]","[200.0, 200.0, 200.0]"
fot_flow_ppo_colored,colored_rotation,test_id,threshold,0.5,0.0,0.5,0.5,student_t_over_independent_seeds,3,"[0, 1, 2]","[0.5, 0.5, 0.5]"
fot_flow_ppo_colored,colored_rotation,test_id,tn,75.66666666666667,6.027713773341708,60.691787030719304,90.64154630261405,student_t_over_independent_seeds,3,"[0, 1, 2]","[75.0, 82.0, 70.0]"
fot_flow_ppo_colored,colored_rotation,test_id,tp,24.666666666666668,5.131601439446884,11.918033140763674,37.41530019256966,student_t_over_independent_seeds,3,"[0, 1, 2]","[26.0, 19.0, 29.0]"
fot_flow_ppo_colored,colored_rotation,test_ood_angle,accuracy,0.5333333333333333,0.03617089069035114,0.44347260756222073,0.6231940591044459,student_t_over_independent_seeds,3,"[0, 1, 2]","[0.515, 0.51, 0.575]"
fot_flow_ppo_colored,colored_rotation,test_ood_angle,accuracy_ci95_high,0.6010757465113182,0.035062459679594454,0.5139687382515186,0.6881827547711179,student_t_over_independent_seeds,3,"[0, 1, 2]","[0.5833261482812249, 0.5784372166878682, 0.6414638745648614]"
fot_flow_ppo_colored,colored_rotation,test_ood_angle,accuracy_ci95_low,0.46433456506353066,0.03591602979970697,0.3751069999408526,0.5535621301862087,student_t_over_independent_seeds,3,"[0, 1, 2]","[0.44610849192745716, 0.44118587678458643, 0.5057093264785485]"
fot_flow_ppo_colored,colored_rotation,test_ood_angle,auc,0.5515,0.04796092159247986,0.43234884998142065,0.6706511500185793,student_t_over_independent_seeds,3,"[0, 1, 2]","[0.542, 0.509, 0.6035]"
fot_flow_ppo_colored,colored_rotation,test_ood_angle,balanced_accuracy,0.5333333333333333,0.03617089069035114,0.44347260756222073,0.6231940591044459,student_t_over_independent_seeds,3,"[0, 1, 2]","[0.515, 0.51, 0.575]"
fot_flow_ppo_colored,colored_rotation,test_ood_angle,brier,0.2818057864733133,0.022810442446881338,0.2251369327537741,0.33847464019285245,student_t_over_independent_seeds,3,"[0, 1, 2]","[0.28160171993055594, 0.30471757757455686, 0.25909806191482715]"
fot_flow_ppo_colored,colored_rotation,test_ood_angle,commit_rate,0.11166666666666668,0.1890987396397272,-0.35811855736602305,0.5814518906993564,student_t_over_independent_seeds,3,"[0, 1, 2]","[0.0, 0.33, 0.005]"
fot_flow_ppo_colored,colored_rotation,test_ood_angle,fn,69.33333333333333,10.066445913694333,44.32487712792597,94.34178953874068,student_t_over_independent_seeds,3,"[0, 1, 2]","[68.0, 80.0, 60.0]"
fot_flow_ppo_colored,colored_rotation,test_ood_angle,fp,24.0,5.5677643628300215,10.16779025848244,37.83220974151756,student_t_over_independent_seeds,3,"[0, 1, 2]","[29.0, 18.0, 25.0]"
fot_flow_ppo_colored,colored_rotation,test_ood_angle,log_loss,0.7923361283418319,0.06772323234218743,0.6240887146430024,0.9605835420406613,student_t_over_independent_seeds,3,"[0, 1, 2]","[0.7793813831756347, 0.8656009782850843, 0.7320260235647765]"
fot_flow_ppo_colored,colored_rotation,test_ood_angle,mean_reward,-2.4356973967437323,2.3842521368398795,-8.358986078570707,3.4875912850832425,student_t_over_independent_seeds,3,"[0, 1, 2]","[-0.6893483187165111, -5.152063983613625, -1.4656798879010602]"
fot_flow_ppo_colored,colored_rotation,test_ood_angle,mean_steps,20.23,18.484515141057937,-25.691787227254498,66.1517872272545,student_t_over_independent_seeds,3,"[0, 1, 2]","[8.27, 41.52, 10.9]"
fot_flow_ppo_colored,colored_rotation,test_ood_angle,mean_total_rotation_deg,272.96166666666664,148.5322487149957,-96.04267398412594,641.9660073174592,student_t_over_independent_seeds,3,"[0, 1, 2]","[360.2, 101.46, 357.225]"
fot_flow_ppo_colored,colored_rotation,test_ood_angle,n,200.0,0.0,200.0,200.0,student_t_over_independent_seeds,3,"[0, 1, 2]","[200.0, 200.0, 200.0]"
fot_flow_ppo_colored,colored_rotation,test_ood_angle,threshold,0.5,0.0,0.5,0.5,student_t_over_independent_seeds,3,"[0, 1, 2]","[0.5, 0.5, 0.5]"
fot_flow_ppo_colored,colored_rotation,test_ood_angle,tn,76.0,5.5677643628300215,62.16779025848244,89.83220974151756,student_t_over_independent_seeds,3,"[0, 1, 2]","[71.0, 82.0, 75.0]"
fot_flow_ppo_colored,colored_rotation,test_ood_angle,tp,30.666666666666668,10.066445913694333,5.6582104612593085,55.67512287207403,student_t_over_independent_seeds,3,"[0, 1, 2]","[32.0, 20.0, 40.0]"
fot_flow_ppo_colored,colored_rotation,validation,accuracy,0.5883333333333334,0.05033222956847165,0.46329105230629664,0.7133756143603701,student_t_over_independent_seeds,3,"[0, 1, 2]","[0.595, 0.535, 0.635]"
fot_flow_ppo_colored,colored_rotation,validation,accuracy_ci95_high,0.6540104603185414,0.04823129006729411,0.5341876235676549,0.7738332970694278,student_t_over_independent_seeds,3,"[0, 1, 2]","[0.6606222871749323, 0.6028143584299599, 0.698594735350732]"
fot_flow_ppo_colored,colored_rotation,validation,accuracy_ci95_low,0.5193268653548082,0.050536883569720095,0.39377615457298376,0.6448775761366327,student_t_over_independent_seeds,3,"[0, 1, 2]","[0.525797100813387, 0.4658664687236316, 0.566317026527406]"
fot_flow_ppo_colored,colored_rotation,validation,auc,0.5996666666666667,0.06068083167964434,0.44891495801211195,0.7504183753212215,student_t_over_independent_seeds,3,"[0, 1, 2]","[0.6064, 0.5359, 0.6567]"
fot_flow_ppo_colored,colored_rotation,validation,balanced_accuracy,0.5883333333333334,0.05033222956847165,0.46329105230629664,0.7133756143603701,student_t_over_independent_seeds,3,"[0, 1, 2]","[0.595, 0.535, 0.635]"
fot_flow_ppo_colored,colored_rotation,validation,brier,0.27500882293618384,0.025994540886112187,0.21042959180500198,0.3395880540673657,student_t_over_independent_seeds,3,"[0, 1, 2]","[0.2706106260292416, 0.30292188751422594, 0.2514939552650841]"
fot_flow_ppo_colored,colored_rotation,validation,commit_rate,0.08833333333333333,0.15299782133525083,-0.29176500000000005,0.4684316666666667,student_t_over_independent_seeds,3,"[0, 1, 2]","[0.0, 0.265, 0.0]"
fot_flow_ppo_colored,colored_rotation,validation,fn,71.0,11.532562594670797,42.34921410618317,99.65078589381683,student_t_over_independent_seeds,3,"[0, 1, 2]","[67.0, 84.0, 62.0]"
fot_flow_ppo_colored,colored_rotation,validation,fp,11.333333333333334,2.516611478423583,5.081219281981494,17.585447384685175,student_t_over_independent_seeds,3,"[0, 1, 2]","[14.0, 9.0, 11.0]"
fot_flow_ppo_colored,colored_rotation,validation,log_loss,0.7967391334431353,0.06828202199163383,0.6271034972677707,0.9663747696184999,student_t_over_independent_seeds,3,"[0, 1, 2]","[0.7819716037370713, 0.871196548689234, 0.7370492479031003]"
fot_flow_ppo_colored,colored_rotation,validation,mean_reward,-1.0389159885918173,0.24163239094573466,-1.6392125697867368,-0.43861940739689786,student_t_over_independent_seeds,3,"[0, 1, 2]","[-0.7902009217906744, -1.0537663349509456, -1.272780709033832]"
fot_flow_ppo_colored,colored_rotation,validation,mean_steps,22.041666666666668,18.853459452666325,-24.796703010659957,68.8800363439933,student_t_over_independent_seeds,3,"[0, 1, 2]","[9.115, 43.675, 13.335]"
fot_flow_ppo_colored,colored_rotation,validation,mean_total_rotation_deg,270.995,143.59255560439058,-85.7374723187267,627.7274723187268,student_t_over_independent_seeds,3,"[0, 1, 2]","[358.49, 105.275, 349.22]"
fot_flow_ppo_colored,colored_rotation,validation,n,200.0,0.0,200.0,200.0,student_t_over_independent_seeds,3,"[0, 1, 2]","[200.0, 200.0, 200.0]"
fot_flow_ppo_colored,colored_rotation,validation,threshold,0.5,0.0,0.5,0.5,student_t_over_independent_seeds,3,"[0, 1, 2]","[0.5, 0.5, 0.5]"
fot_flow_ppo_colored,colored_rotation,validation,tn,88.66666666666667,2.516611478423583,82.41455261531483,94.91878071801851,student_t_over_independent_seeds,3,"[0, 1, 2]","[86.0, 91.0, 89.0]"
fot_flow_ppo_colored,colored_rotation,validation,tp,29.0,11.532562594670797,0.34921410618316884,57.65078589381683,student_t_over_independent_seeds,3,"[0, 1, 2]","[33.0, 16.0, 38.0]"
fot_flow_ppo_tetris,tetris_rotation,test_id,accuracy,0.6183333333333333,0.020207259421636918,0.5681316666666666,0.668535,student_t_over_independent_seeds,3,"[0, 1, 2]","[0.63, 0.595, 0.63]"
fot_flow_ppo_tetris,tetris_rotation,test_id,accuracy_ci95_high,0.6827900396592499,0.019197836796224683,0.6350961201892404,0.7304839591292593,student_t_over_independent_seeds,3,"[0, 1, 2]","[0.6938739159014088, 0.6606222871749323, 0.6938739159014088]"
fot_flow_ppo_tetris,tetris_rotation,test_id,accuracy_ci95_low,0.5494165664314635,0.020455057249067387,0.4985992861541719,0.6002338467087551,student_t_over_independent_seeds,3,"[0, 1, 2]","[0.5612262992405018, 0.525797100813387, 0.5612262992405018]"
fot_flow_ppo_tetris,tetris_rotation,test_id,auc,0.5604666666666667,0.07135722341384461,0.3831911900998148,0.7377421432335185,student_t_over_independent_seeds,3,"[0, 1, 2]","[0.6056, 0.4782, 0.5976]"
fot_flow_ppo_tetris,tetris_rotation,test_id,balanced_accuracy,0.6183333333333333,0.020207259421636918,0.5681316666666666,0.668535,student_t_over_independent_seeds,3,"[0, 1, 2]","[0.63, 0.595, 0.63]"
fot_flow_ppo_tetris,tetris_rotation,test_id,brier,0.28811334437961156,0.03820070205139556,0.19320988068856831,0.3830168080706548,student_t_over_independent_seeds,3,"[0, 1, 2]","[0.26008579595086057, 0.3316251869040478, 0.2726290502839263]"
fot_flow_ppo_tetris,tetris_rotation,test_id,commit_rate,0.145,0.0526782687642637,0.014129364160633762,0.2758706358393662,student_t_over_independent_seeds,3,"[0, 1, 2]","[0.195, 0.15, 0.09]"
fot_flow_ppo_tetris,tetris_rotation,test_id,fn,66.66666666666667,15.947831618540915,27.04685923682449,106.28647409650885,student_t_over_independent_seeds,3,"[0, 1, 2]","[49.0, 80.0, 71.0]"
fot_flow_ppo_tetris,tetris_rotation,test_id,fp,9.666666666666666,13.316656236958785,-23.416411229912292,42.74974456324562,student_t_over_independent_seeds,3,"[0, 1, 2]","[25.0, 1.0, 3.0]"
fot_flow_ppo_tetris,tetris_rotation,test_id,log_loss,0.8363898573598041,0.12701450541662584,0.520842868542037,1.1519368461775712,student_t_over_independent_seeds,3,"[0, 1, 2]","[0.7474719205871687, 0.9818581568809396, 0.7798394946113038]"
fot_flow_ppo_tetris,tetris_rotation,test_id,mean_reward,7.476438974235207,3.987063254729364,-2.4287746084894506,17.381652556959864,student_t_over_independent_seeds,3,"[0, 1, 2]","[10.536893059462308, 2.9676402955222874, 8.924783567721024]"
fot_flow_ppo_tetris,tetris_rotation,test_id,mean_steps,36.11833333333333,29.829666580995056,-37.98864709536719,110.22531376203386,student_t_over_independent_seeds,3,"[0, 1, 2]","[33.27, 67.27, 7.815]"
fot_flow_ppo_tetris,tetris_rotation,test_id,mean_total_rotation_deg,199.39666666666665,163.24563105435112,-206.16069190345092,604.9540252367842,student_t_over_independent_seeds,3,"[0, 1, 2]","[231.87, 22.355, 343.965]"
fot_flow_ppo_tetris,tetris_rotation,test_id,n,200.0,0.0,200.0,200.0,student_t_over_independent_seeds,3,"[0, 1, 2]","[200.0, 200.0, 200.0]"
fot_flow_ppo_tetris,tetris_rotation,test_id,threshold,0.5,0.0,0.5,0.5,student_t_over_independent_seeds,3,"[0, 1, 2]","[0.5, 0.5, 0.5]"
fot_flow_ppo_tetris,tetris_rotation,test_id,tn,90.33333333333333,13.316656236958785,57.25025543675437,123.41641122991228,student_t_over_independent_seeds,3,"[0, 1, 2]","[75.0, 99.0, 97.0]"
fot_flow_ppo_tetris,tetris_rotation,test_id,tp,33.333333333333336,15.947831618540915,-6.286474096508847,72.95314076317553,student_t_over_independent_seeds,3,"[0, 1, 2]","[51.0, 20.0, 29.0]"
fot_flow_ppo_tetris,tetris_rotation,test_ood_angle,accuracy,0.5616666666666666,0.025166114784235794,0.49914552615314833,0.624187807180185,student_t_over_independent_seeds,3,"[0, 1, 2]","[0.565, 0.535, 0.585]"
fot_flow_ppo_tetris,tetris_rotation,test_ood_angle,accuracy_ci95_high,0.6285714163017978,0.02428719455981074,0.5682338108838865,0.6889090217197091,student_t_over_independent_seeds,3,"[0, 1, 2]","[0.6318427449730093, 0.6028143584299599, 0.6510571455024242]"
fot_flow_ppo_tetris,tetris_rotation,test_ood_angle,accuracy_ci95_low,0.49243766011167267,0.02509659888478768,0.4300892206032393,0.554786099620106,student_t_over_independent_seeds,3,"[0, 1, 2]","[0.49570736259794607, 0.4658664687236316, 0.5157391490134403]"
fot_flow_ppo_tetris,tetris_rotation,test_ood_angle,auc,0.5129,0.020050685773808346,0.46308731522905033,0.5627126847709497,student_t_over_independent_seeds,3,"[0, 1, 2]","[0.5231, 0.4898, 0.5258]"
fot_flow_ppo_tetris,tetris_rotation,test_ood_angle,balanced_accuracy,0.5616666666666666,0.025166114784235794,0.49914552615314833,0.624187807180185,student_t_over_independent_seeds,3,"[0, 1, 2]","[0.565, 0.535, 0.585]"
fot_flow_ppo_tetris,tetris_rotation,test_ood_angle,brier,0.30497839296519297,0.02940744889271028,0.23192034407172812,0.3780364418586578,student_t_over_independent_seeds,3,"[0, 1, 2]","[0.2833846374944301, 0.33847065225451706, 0.2930798891466317]"
fot_flow_ppo_tetris,tetris_rotation,test_ood_angle,commit_rate,0.135,0.056789083458002744,-0.006083289850357554,0.27608328985035757,student_t_over_independent_seeds,3,"[0, 1, 2]","[0.2, 0.11, 0.095]"
fot_flow_ppo_tetris,tetris_rotation,test_ood_angle,fn,79.33333333333333,10.692676621563626,52.769108253141155,105.8975584135255,student_t_over_independent_seeds,3,"[0, 1, 2]","[70.0, 91.0, 77.0]"
fot_flow_ppo_tetris,tetris_rotation,test_ood_angle,fp,8.333333333333334,7.767453465154029,-10.96364809151939,27.63031475818606,student_t_over_independent_seeds,3,"[0, 1, 2]","[17.0, 2.0, 6.0]"
fot_flow_ppo_tetris,tetris_rotation,test_ood_angle,log_loss,0.8663487486595333,0.0988485571720122,0.6207755012395069,1.1119219960795597,student_t_over_independent_seeds,3,"[0, 1, 2]","[0.7894546976457926, 0.977847235096427, 0.8317443132363799]"
fot_flow_ppo_tetris,tetris_rotation,test_ood_angle,mean_reward,4.631772652405004,6.697984243792914,-12.008285523194896,21.271830828004905,student_t_over_independent_seeds,3,"[0, 1, 2]","[7.2815800134837625, -2.9857365013845265, 9.599474445115774]"
fot_flow_ppo_tetris,tetris_rotation,test_ood_angle,mean_steps,37.72833333333333,30.74883425974606,-38.66217047954384,114.1188371462105,student_t_over_independent_seeds,3,"[0, 1, 2]","[34.92, 69.785, 8.48]"
fot_flow_ppo_tetris,tetris_rotation,test_ood_angle,mean_total_rotation_deg,196.70666666666668,161.15165569529012,-203.64854891164887,597.0618822449823,student_t_over_independent_seeds,3,"[0, 1, 2]","[220.4, 25.02, 344.7]"
fot_flow_ppo_tetris,tetris_rotation,test_ood_angle,n,200.0,0.0,200.0,200.0,student_t_over_independent_seeds,3,"[0, 1, 2]","[200.0, 200.0, 200.0]"
fot_flow_ppo_tetris,tetris_rotation,test_ood_angle,threshold,0.5,0.0,0.5,0.5,student_t_over_independent_seeds,3,"[0, 1, 2]","[0.5, 0.5, 0.5]"
fot_flow_ppo_tetris,tetris_rotation,test_ood_angle,tn,91.66666666666667,7.767453465154029,72.36968524181395,110.96364809151939,student_t_over_independent_seeds,3,"[0, 1, 2]","[83.0, 98.0, 94.0]"
fot_flow_ppo_tetris,tetris_rotation,test_ood_angle,tp,20.666666666666668,10.692676621563626,-5.897558413525509,47.230891746858845,student_t_over_independent_seeds,3,"[0, 1, 2]","[30.0, 9.0, 23.0]"
fot_flow_ppo_tetris,tetris_rotation,validation,accuracy,0.61,0.039686269665968894,0.511405883923025,0.708594116076975,student_t_over_independent_seeds,3,"[0, 1, 2]","[0.625, 0.565, 0.64]"
fot_flow_ppo_tetris,tetris_rotation,validation,accuracy_ci95_high,0.6747654677810818,0.037840632417954274,0.5807565388380536,0.7687743967241101,student_t_over_independent_seeds,3,"[0, 1, 2]","[0.6891456314159018, 0.6318427449730093, 0.7033080269543346]"
fot_flow_ppo_tetris,tetris_rotation,validation,accuracy_ci95_low,0.5410885604159196,0.04003623609759686,0.4416250093612208,0.6405521114706183,student_t_over_independent_seeds,3,"[0, 1, 2]","[0.5561430369897816, 0.49570736259794607, 0.5714152816600309]"
fot_flow_ppo_tetris,tetris_rotation,validation,auc,0.5431,0.06841235268575403,0.3731405783015154,0.7130594216984847,student_t_over_independent_seeds,3,"[0, 1, 2]","[0.5576, 0.4686, 0.6031]"
fot_flow_ppo_tetris,tetris_rotation,validation,balanced_accuracy,0.61,0.039686269665968894,0.511405883923025,0.708594116076975,student_t_over_independent_seeds,3,"[0, 1, 2]","[0.625, 0.565, 0.64]"
fot_flow_ppo_tetris,tetris_rotation,validation,brier,0.29045836553380006,0.036833050321398095,0.1989526112912685,0.3819641197763316,student_t_over_independent_seeds,3,"[0, 1, 2]","[0.2684225943616523, 0.33298009513318766, 0.26997240710656034]"
fot_flow_ppo_tetris,tetris_rotation,validation,commit_rate,0.145,0.04924428900898053,0.02266053127329129,0.26733946872670866,student_t_over_independent_seeds,3,"[0, 1, 2]","[0.2, 0.13, 0.105]"
fot_flow_ppo_tetris,tetris_rotation,validation,fn,72.33333333333333,11.67618659209133,43.325736855092586,101.34092981157407,student_t_over_independent_seeds,3,"[0, 1, 2]","[62.0, 85.0, 70.0]"
fot_flow_ppo_tetris,tetris_rotation,validation,fp,5.666666666666667,6.3508529610858835,-10.111,21.444333333333333,student_t_over_independent_seeds,3,"[0, 1, 2]","[13.0, 2.0, 2.0]"
fot_flow_ppo_tetris,tetris_rotation,validation,log_loss,0.830637108740316,0.11438801260243604,0.546458598457956,1.1148156190226761,student_t_over_independent_seeds,3,"[0, 1, 2]","[0.7504651688929639, 0.9616294176782185, 0.7798167396497654]"
fot_flow_ppo_tetris,tetris_rotation,validation,mean_reward,5.004465857290973,5.300286987205172,-8.163239620099823,18.172171334681767,student_t_over_independent_seeds,3,"[0, 1, 2]","[4.26198082155548, 0.11456979824230075, 10.636846952075139]"
fot_flow_ppo_tetris,tetris_rotation,validation,mean_steps,36.67666666666667,30.76897639398057,-39.76387701988647,113.1172103532198,student_t_over_independent_seeds,3,"[0, 1, 2]","[34.525, 68.465, 7.04]"
fot_flow_ppo_tetris,tetris_rotation,validation,mean_total_rotation_deg,192.16166666666666,160.8170875041994,-207.36236837123275,591.6857017045661,student_t_over_independent_seeds,3,"[0, 1, 2]","[216.235, 20.665, 339.585]"
fot_flow_ppo_tetris,tetris_rotation,validation,n,200.0,0.0,200.0,200.0,student_t_over_independent_seeds,3,"[0, 1, 2]","[200.0, 200.0, 200.0]"
fot_flow_ppo_tetris,tetris_rotation,validation,threshold,0.5,0.0,0.5,0.5,student_t_over_independent_seeds,3,"[0, 1, 2]","[0.5, 0.5, 0.5]"
fot_flow_ppo_tetris,tetris_rotation,validation,tn,94.33333333333333,6.3508529610858835,78.55566666666667,110.11099999999999,student_t_over_independent_seeds,3,"[0, 1, 2]","[87.0, 98.0, 98.0]"
fot_flow_ppo_tetris,tetris_rotation,validation,tp,27.666666666666668,11.67618659209133,-1.340929811574071,56.67426314490741,student_t_over_independent_seeds,3,"[0, 1, 2]","[38.0, 15.0, 30.0]"
fot_tetris_to_ganis3d,ganis3d,test_ganis3d,accuracy,0.6196581196581197,0.0266880256341812,0.5533560378704208,0.6859602014458186,student_t_over_independent_seeds,3,"[0, 1, 2]","[0.6410256410256411, 0.5897435897435898, 0.6282051282051282]"
fot_tetris_to_ganis3d,ganis3d,test_ganis3d,accuracy_ci95_high,0.7192632362672536,0.02414612682934426,0.6592760908021016,0.7792503817324057,student_t_over_independent_seeds,3,"[0, 1, 2]","[0.738544380502993, 0.6921809455247977, 0.7270643827739703]"
fot_tetris_to_ganis3d,ganis3d,test_ganis3d,accuracy_ci95_low,0.5088200229469221,0.026724718558722244,0.4424267835248107,0.5752132623690335,student_t_over_independent_seeds,3,"[0, 1, 2]","[0.5302680321422857, 0.4788814988858342, 0.5173105378126465]"
fot_tetris_to_ganis3d,ganis3d,test_ganis3d,auc,0.6828840674994522,0.0033738339509841826,0.6745023229064849,0.6912658120924194,student_t_over_independent_seeds,3,"[0, 1, 2]","[0.6837606837606838, 0.6791584483892176, 0.685733070348455]"
fot_tetris_to_ganis3d,ganis3d,test_ganis3d,balanced_accuracy,0.6196581196581196,0.02668802563418122,0.5533560378704205,0.6859602014458186,student_t_over_independent_seeds,3,"[0, 1, 2]","[0.641025641025641, 0.5897435897435896, 0.6282051282051282]"
fot_tetris_to_ganis3d,ganis3d,test_ganis3d,brier,0.2272355911730061,0.0008441804870545123,0.22513836133429588,0.22933282101171631,student_t_over_independent_seeds,3,"[0, 1, 2]","[0.2278883346473561, 0.2275361844765182, 0.22628225439514407]"
fot_tetris_to_ganis3d,ganis3d,test_ganis3d,fn,17.666666666666668,1.5275252316519468,13.871777369496357,21.46155596383698,student_t_over_independent_seeds,3,"[0, 1, 2]","[16.0, 19.0, 18.0]"
fot_tetris_to_ganis3d,ganis3d,test_ganis3d,fp,12.0,1.0,9.51566179167704,14.48433820832296,student_t_over_independent_seeds,3,"[0, 1, 2]","[12.0, 13.0, 11.0]"
fot_tetris_to_ganis3d,ganis3d,test_ganis3d,log_loss,0.6459651832027642,0.0021402614371747834,0.6406480499385907,0.6512823164669377,student_t_over_independent_seeds,3,"[0, 1, 2]","[0.6478050898125348, 0.6436163223536517, 0.646474137442106]"
fot_tetris_to_ganis3d,ganis3d,test_ganis3d,n,78.0,0.0,78.0,78.0,student_t_over_independent_seeds,3,"[0, 1, 2]","[78.0, 78.0, 78.0]"
fot_tetris_to_ganis3d,ganis3d,test_ganis3d,threshold,0.5,0.0,0.5,0.5,student_t_over_independent_seeds,3,"[0, 1, 2]","[0.5, 0.5, 0.5]"
fot_tetris_to_ganis3d,ganis3d,test_ganis3d,tn,27.0,1.0,24.51566179167704,29.48433820832296,student_t_over_independent_seeds,3,"[0, 1, 2]","[27.0, 26.0, 28.0]"
fot_tetris_to_ganis3d,ganis3d,test_ganis3d,tp,21.333333333333332,1.5275252316519468,17.53844403616302,25.128222630503643,student_t_over_independent_seeds,3,"[0, 1, 2]","[23.0, 20.0, 21.0]"
maze_trace_flow,maze_trace,validation,delta_mse,0.001005242220708169,0.000335881854719086,0.0001707980955471621,0.0018396863458691758,student_t_over_independent_seeds,3,"[0, 1, 2]","[0.0006477650691522286, 0.0013142658106517046, 0.0010536957823205739]"
maze_trace_fot_controller,maze_trace,test,accuracy,0.4916666666666667,0.022546248764114492,0.43565415940762275,0.5476791739257106,student_t_over_independent_seeds,3,"[0, 1, 2]","[0.515, 0.49, 0.47]"
maze_trace_fot_controller,maze_trace,test,accuracy_ci95_high,0.56040781411554,0.022164502047400766,0.5053436948107298,0.6154719334203501,student_t_over_independent_seeds,3,"[0, 1, 2]","[0.5833261482812249, 0.5588141232154135, 0.5390831708499817]"
maze_trace_fot_controller,maze_trace,test,accuracy_ci95_low,0.4232396079907477,0.02207828083334443,0.3683896913423857,0.47808952463910975,student_t_over_independent_seeds,3,"[0, 1, 2]","[0.44610849192745716, 0.42156278331213176, 0.40204754873265425]"
maze_trace_fot_controller,maze_trace,test,auc,0.48445072598496347,0.11552437211759083,0.197449114340713,0.771452337629214,student_t_over_independent_seeds,3,"[0, 1, 2]","[0.5972097209720972, 0.4897959183673469, 0.3663465386154462]"
maze_trace_fot_controller,maze_trace,test,n,200.0,0.0,200.0,200.0,student_t_over_independent_seeds,3,"[0, 1, 2]","[200.0, 200.0, 200.0]"
maze_trace_fot_controller,maze_trace,test,threshold,0.3786409894625346,0.222139784767526,-0.1732293654240688,0.930511344349138,student_t_over_independent_seeds,3,"[0, 1, 2]","[0.2580588757991791, 0.6349959373474121, 0.24286815524101257]"
sat_v2_direct,sat_v2,test_real,accuracy,0.5155555555555555,0.07812620369443085,0.3214636426462586,0.7096474684648525,student_t_over_independent_seeds,3,"[0, 1, 2]","[0.5733333333333334, 0.4266666666666667, 0.5466666666666666]"
sat_v2_direct,sat_v2,test_real,accuracy_ci95_high,0.5935096135433587,0.07627474763893323,0.4040173436537654,0.7830018834329521,student_t_over_independent_seeds,3,"[0, 1, 2]","[0.649679095434351, 0.5066747312750022, 0.6241750139207229]"
sat_v2_direct,sat_v2,test_real,accuracy_ci95_low,0.4368246455207456,0.07607695017699628,0.2478237714233516,0.6258255196181397,student_t_over_independent_seeds,3,"[0, 1, 2]","[0.4933252687249979, 0.3503209045656491, 0.4668277632715898]"
sat_v2_direct,sat_v2,test_real,log_loss,0.6955884679158529,0.008537062071095888,0.6743795184258047,0.7167974174059012,student_t_over_independent_seeds,3,"[0, 1, 2]","[0.7029985173543294, 0.6975137011210124, 0.6862531852722168]"
sat_v2_direct,sat_v2,test_real,n,150.0,0.0,150.0,150.0,student_t_over_independent_seeds,3,"[0, 1, 2]","[150.0, 150.0, 150.0]"
sat_v2_direct,sat_v2,test_real/by_question_type/action_conseq,accuracy,0.5315315315315315,0.22666208334070495,-0.031573742489864776,1.0946368055529279,student_t_over_independent_seeds,3,"[0, 1, 2]","[0.6486486486486487, 0.2702702702702703, 0.6756756756756757]"
sat_v2_direct,sat_v2,test_real/by_question_type/action_conseq,accuracy_ci95_high,0.6717309822088099,0.2098207720515911,0.15046522130121986,1.1929967431164,student_t_over_independent_seeds,3,"[0, 1, 2]","[0.7817439286607287, 0.4297816832471427, 0.8036673347185581]"
sat_v2_direct,sat_v2,test_real/by_question_type/action_conseq,accuracy_ci95_low,0.3854005062519071,0.20087641676729245,-0.11364445107408438,0.8844454635778985,student_t_over_independent_seeds,3,"[0, 1, 2]","[0.4875902312255084, 0.15397461511049093, 0.514636672419722]"
sat_v2_direct,sat_v2,test_real/by_question_type/action_conseq,n,37.0,0.0,37.0,37.0,student_t_over_independent_seeds,3,"[0, 1, 2]","[37.0, 37.0, 37.0]"
sat_v2_direct,sat_v2,test_real/by_question_type/ego_movement,accuracy,0.5217391304347826,0.0,0.5217391304347826,0.5217391304347826,student_t_over_independent_seeds,3,"[0, 1, 2]","[0.5217391304347826, 0.5217391304347826, 0.5217391304347826]"
sat_v2_direct,sat_v2,test_real/by_question_type/ego_movement,accuracy_ci95_high,0.7076284258335335,0.0,0.7076284258335335,0.7076284258335335,student_t_over_independent_seeds,3,"[0, 1, 2]","[0.7076284258335335, 0.7076284258335335, 0.7076284258335335]"
sat_v2_direct,sat_v2,test_real/by_question_type/ego_movement,accuracy_ci95_low,0.32962737336427406,0.0,0.32962737336427406,0.32962737336427406,student_t_over_independent_seeds,3,"[0, 1, 2]","[0.32962737336427406, 0.32962737336427406, 0.32962737336427406]"
sat_v2_direct,sat_v2,test_real/by_question_type/ego_movement,n,23.0,0.0,23.0,23.0,student_t_over_independent_seeds,3,"[0, 1, 2]","[23.0, 23.0, 23.0]"
sat_v2_direct,sat_v2,test_real/by_question_type/goal_aim,accuracy,0.4411764705882353,0.15563243006262298,0.05453287812951013,0.8278200630469604,student_t_over_independent_seeds,3,"[0, 1, 2]","[0.6176470588235294, 0.3235294117647059, 0.38235294117647056]"
sat_v2_direct,sat_v2,test_real/by_question_type/goal_aim,accuracy_ci95_high,0.600719682457174,0.1418042273242764,0.2484300224137595,0.9530093425005886,student_t_over_independent_seeds,3,"[0, 1, 2]","[0.7609981667549109, 0.49157105406091794, 0.549589826555693]"
sat_v2_direct,sat_v2,test_real/by_question_type/goal_aim,accuracy_ci95_low,0.29357614744321703,0.1378990865450736,-0.04901182215354388,0.6361641170399779,student_t_over_independent_seeds,3,"[0, 1, 2]","[0.450410173444307, 0.1913164356402551, 0.23900183324508897]"
sat_v2_direct,sat_v2,test_real/by_question_type/goal_aim,n,34.0,0.0,34.0,34.0,student_t_over_independent_seeds,3,"[0, 1, 2]","[34.0, 34.0, 34.0]"
sat_v2_direct,sat_v2,test_real/by_question_type/obj_movement,accuracy,0.47826086956521735,0.043478260869565216,0.3702461648555234,0.5862755742749113,student_t_over_independent_seeds,3,"[0, 1, 2]","[0.43478260869565216, 0.4782608695652174, 0.5217391304347826]"
sat_v2_direct,sat_v2,test_real/by_question_type/obj_movement,accuracy_ci95_high,0.6699624338730317,0.03787275439908035,0.5758737030649649,0.7640511646810985,student_t_over_independent_seeds,3,"[0, 1, 2]","[0.6318862491498354, 0.6703726266357259, 0.7076284258335335]"
sat_v2_direct,sat_v2,test_real/by_question_type/obj_movement,accuracy_ci95_low,0.2927817669291609,0.03664223206324976,0.2017500697761929,0.3838134640821289,student_t_over_independent_seeds,3,"[0, 1, 2]","[0.25634635325674215, 0.29237157416646653, 0.32962737336427406]"
sat_v2_direct,sat_v2,test_real/by_question_type/obj_movement,n,23.0,0.0,23.0,23.0,student_t_over_independent_seeds,3,"[0, 1, 2]","[23.0, 23.0, 23.0]"
sat_v2_direct,sat_v2,test_real/by_question_type/perspective,accuracy,0.595959595959596,0.017495462702715917,0.5524949494949496,0.6394242424242425,student_t_over_independent_seeds,3,"[0, 1, 2]","[0.5757575757575758, 0.6060606060606061, 0.6060606060606061]"
sat_v2_direct,sat_v2,test_real/by_question_type/perspective,accuracy_ci95_high,0.7446606283254521,0.014736803261076471,0.7080494249154214,0.7812718317354828,student_t_over_independent_seeds,3,"[0, 1, 2]","[0.7276440336658979, 0.7531689256552291, 0.7531689256552291]"
sat_v2_direct,sat_v2,test_real/by_question_type/perspective,accuracy_ci95_low,0.42724714992397644,0.016605618438322915,0.3859931775648186,0.4685011222831343,student_t_over_independent_seeds,3,"[0, 1, 2]","[0.4080726333731245, 0.43683440819940234, 0.43683440819940234]"
sat_v2_direct,sat_v2,test_real/by_question_type/perspective,n,33.0,0.0,33.0,33.0,student_t_over_independent_seeds,3,"[0, 1, 2]","[33.0, 33.0, 33.0]"
sat_v2_direct,sat_v2,validation,accuracy,0.5938333333333333,0.006806859285554052,0.5769227927315534,0.6107438739351132,student_t_over_independent_seeds,3,"[0, 1, 2]","[0.5885, 0.6015, 0.5915]"
sat_v2_direct,sat_v2,validation,accuracy_ci95_high,0.6151558649724506,0.006736003811146497,0.5984213533330103,0.6318903766118908,student_t_over_independent_seeds,3,"[0, 1, 2]","[0.6098774016908397, 0.6227425319470723, 0.6128476612794395]"
sat_v2_direct,sat_v2,validation,accuracy_ci95_low,0.572151035821101,0.00685161670341402,0.5551293026560258,0.5891727689861763,student_t_over_independent_seeds,3,"[0, 1, 2]","[0.5667832809403786, 0.5798683074548334, 0.5698015190680913]"
sat_v2_direct,sat_v2,validation,log_loss,0.6828764475186665,0.006905972918315181,0.6657196751320524,0.7000332199052806,student_t_over_independent_seeds,3,"[0, 1, 2]","[0.6894077653884888, 0.6756486077308654, 0.6835729694366455]"
sat_v2_direct,sat_v2,validation,n,2000.0,0.0,2000.0,2000.0,student_t_over_independent_seeds,3,"[0, 1, 2]","[2000.0, 2000.0, 2000.0]"
sat_v2_direct,sat_v2,validation/by_question_type/action_consequence,accuracy,0.5,0.005140211018326274,0.48722997736832935,0.5127700226316706,student_t_over_independent_seeds,3,"[0, 1, 2]","[0.5023584905660378, 0.49410377358490565, 0.5035377358490566]"
sat_v2_direct,sat_v2,validation/by_question_type/action_consequence,accuracy_ci95_high,0.5335755764204914,0.005117990540719611,0.5208607569703462,0.5462903958706365,student_t_over_independent_seeds,3,"[0, 1, 2]","[0.5359242368680583, 0.5277047929869526, 0.5370976994064633]"
sat_v2_direct,sat_v2,validation/by_question_type/action_consequence,accuracy_ci95_low,0.46642442357950853,0.005116070993383124,0.453714372934154,0.47913447422486305,student_t_over_independent_seeds,3,"[0, 1, 2]","[0.4687714725959278, 0.4605559333530822, 0.46994586478951567]"
sat_v2_direct,sat_v2,validation/by_question_type/action_consequence,n,848.0,0.0,848.0,848.0,student_t_over_independent_seeds,3,"[0, 1, 2]","[848.0, 848.0, 848.0]"
sat_v2_direct,sat_v2,validation/by_question_type/action_sequence,accuracy,0.5503875968992248,0.0,0.5503875968992248,0.5503875968992248,student_t_over_independent_seeds,3,"[0, 1, 2]","[0.5503875968992248, 0.5503875968992248, 0.5503875968992248]"
sat_v2_direct,sat_v2,validation/by_question_type/action_sequence,accuracy_ci95_high,0.5992123605653357,0.0,0.5992123605653357,0.5992123605653357,student_t_over_independent_seeds,3,"[0, 1, 2]","[0.5992123605653357, 0.5992123605653357, 0.5992123605653357]"
sat_v2_direct,sat_v2,validation/by_question_type/action_sequence,accuracy_ci95_low,0.5005723452785036,0.0,0.5005723452785036,0.5005723452785036,student_t_over_independent_seeds,3,"[0, 1, 2]","[0.5005723452785036, 0.5005723452785036, 0.5005723452785036]"
sat_v2_direct,sat_v2,validation/by_question_type/action_sequence,n,387.0,0.0,387.0,387.0,student_t_over_independent_seeds,3,"[0, 1, 2]","[387.0, 387.0, 387.0]"
sat_v2_direct,sat_v2,validation/by_question_type/goal_aim,accuracy,0.5864197530864198,0.006657702323871873,0.5698797688235844,0.6029597373492552,student_t_over_independent_seeds,3,"[0, 1, 2]","[0.5793650793650794, 0.5873015873015873, 0.5925925925925926]"
sat_v2_direct,sat_v2,validation/by_question_type/goal_aim,accuracy_ci95_high,0.6349508042773525,0.006475627063152809,0.6188631565415118,0.6510384520131932,student_t_over_independent_seeds,3,"[0, 1, 2]","[0.6280879148973537, 0.6358113915462837, 0.6409531063884202]"
sat_v2_direct,sat_v2,validation/by_question_type/goal_aim,accuracy_ci95_low,0.5361498759240939,0.006705820899775226,0.5194903488446116,0.5528094030035762,student_t_over_independent_seeds,3,"[0, 1, 2]","[0.5290453628386687, 0.5370352139633408, 0.5423690509702723]"
sat_v2_direct,sat_v2,validation/by_question_type/goal_aim,n,378.0,0.0,378.0,378.0,student_t_over_independent_seeds,3,"[0, 1, 2]","[378.0, 378.0, 378.0]"
sat_v2_direct,sat_v2,validation/by_question_type/obj_movement,accuracy,0.8501291989664083,0.04475583482090124,0.7389405684754522,0.9613178294573643,student_t_over_independent_seeds,3,"[0, 1, 2]","[0.8242894056847545, 0.9018087855297158, 0.8242894056847545]"
sat_v2_direct,sat_v2,validation/by_question_type/obj_movement,accuracy_ci95_high,0.8818522954970783,0.03963946541252334,0.7833744570152501,0.9803301339789066,student_t_over_independent_seeds,3,"[0, 1, 2]","[0.8589664394706252, 0.9276240075499849, 0.8589664394706252]"
sat_v2_direct,sat_v2,validation/by_question_type/obj_movement,accuracy_ci95_low,0.8115234810075486,0.04899242194124323,0.6898097352606379,0.9332372267544592,student_t_over_independent_seeds,3,"[0, 1, 2]","[0.78323769301152, 0.8680950569996055, 0.78323769301152]"
sat_v2_direct,sat_v2,validation/by_question_type/obj_movement,n,387.0,0.0,387.0,387.0,student_t_over_independent_seeds,3,"[0, 1, 2]","[387.0, 387.0, 387.0]"
sat_v2_fot,sat_v2,test_real,accuracy,0.5444444444444444,0.010183501544346316,0.519145182463309,0.5697437064255798,student_t_over_independent_seeds,3,"[0, 1, 2]","[0.5533333333333333, 0.5466666666666666, 0.5333333333333333]"
sat_v2_fot,sat_v2,test_real,accuracy_ci95_high,0.6220288319687821,0.009794223282786218,0.59769666884651,0.6463609950910543,student_t_over_independent_seeds,3,"[0, 1, 2]","[0.6305719895849053, 0.6241750139207229, 0.6113394924007179]"
sat_v2_fot,sat_v2,test_real,accuracy_ci95_low,0.4646404796429444,0.010064216978598533,0.4396375608661594,0.4896433984197294,student_t_over_independent_seeds,3,"[0, 1, 2]","[0.47343118434916653, 0.4668277632715898, 0.45366249130807695]"
sat_v2_fot,sat_v2,test_real,log_loss,0.6915134853786893,0.007870950830863154,0.6719593814937446,0.711067589263634,student_t_over_independent_seeds,3,"[0, 1, 2]","[0.6868048477172851, 0.6871355374654134, 0.7006000709533692]"
sat_v2_fot,sat_v2,test_real,n,150.0,0.0,150.0,150.0,student_t_over_independent_seeds,3,"[0, 1, 2]","[150.0, 150.0, 150.0]"
sat_v2_fot,sat_v2,test_real/by_question_type/action_conseq,accuracy,0.6306306306306307,0.08256893144064577,0.42550147943223554,0.8357597818290259,student_t_over_independent_seeds,3,"[0, 1, 2]","[0.6486486486486487, 0.7027027027027027, 0.5405405405405406]"
sat_v2_fot,sat_v2,test_real/by_question_type/action_conseq,accuracy_ci95_high,0.7654878147062262,0.06919279376154623,0.5935895134238064,0.937386115988646,student_t_over_independent_seeds,3,"[0, 1, 2]","[0.7817439286607287, 0.8251052135016799, 0.6896143019562697]"
sat_v2_fot,sat_v2,test_real/by_question_type/action_conseq,accuracy_ci95_low,0.47119978034531557,0.08042659802349594,0.2713929099101128,0.6710066507805184,student_t_over_independent_seeds,3,"[0, 1, 2]","[0.4875902312255084, 0.5421686408886435, 0.3838404689217949]"
sat_v2_fot,sat_v2,test_real/by_question_type/action_conseq,n,37.0,0.0,37.0,37.0,student_t_over_independent_seeds,3,"[0, 1, 2]","[37.0, 37.0, 37.0]"
sat_v2_fot,sat_v2,test_real/by_question_type/ego_movement,accuracy,0.5072463768115942,0.025102185616940234,0.44488405797101455,0.5696086956521739,student_t_over_independent_seeds,3,"[0, 1, 2]","[0.5217391304347826, 0.4782608695652174, 0.5217391304347826]"
sat_v2_fot,sat_v2,test_real/by_question_type/ego_movement,accuracy_ci95_high,0.695209826100931,0.02150964569572882,0.6417725914515424,0.7486470607503195,student_t_over_independent_seeds,3,"[0, 1, 2]","[0.7076284258335335, 0.6703726266357259, 0.7076284258335335]"
sat_v2_fot,sat_v2,test_real/by_question_type/ego_movement,accuracy_ci95_low,0.31720877363167155,0.02150964569572882,0.26377153898228295,0.37064600828106015,student_t_over_independent_seeds,3,"[0, 1, 2]","[0.32962737336427406, 0.29237157416646653, 0.32962737336427406]"
sat_v2_fot,sat_v2,test_real/by_question_type/ego_movement,n,23.0,0.0,23.0,23.0,student_t_over_independent_seeds,3,"[0, 1, 2]","[23.0, 23.0, 23.0]"
sat_v2_fot,sat_v2,test_real/by_question_type/goal_aim,accuracy,0.4901960784313726,0.06122547057253333,0.33809130256547504,0.6423008542972701,student_t_over_independent_seeds,3,"[0, 1, 2]","[0.47058823529411764, 0.4411764705882353, 0.5588235294117647]"
sat_v2_fot,sat_v2,test_real/by_question_type/goal_aim,accuracy_ci95_high,0.6497530183916195,0.05489232641915201,0.5133819145247843,0.7861241222584546,student_t_over_independent_seeds,3,"[0, 1, 2]","[0.6326328701993107, 0.6054610074379694, 0.7111651775375785]"
sat_v2_fot,sat_v2,test_real/by_question_type/goal_aim,accuracy_ci95_low,0.33262961992511236,0.05513117329985669,0.1956651396266038,0.4695941002236209,student_t_over_independent_seeds,3,"[0, 1, 2]","[0.3145150447508847, 0.2888348224624216, 0.3945389925620307]"
sat_v2_fot,sat_v2,test_real/by_question_type/goal_aim,n,34.0,0.0,34.0,34.0,student_t_over_independent_seeds,3,"[0, 1, 2]","[34.0, 34.0, 34.0]"
sat_v2_fot,sat_v2,test_real/by_question_type/obj_movement,accuracy,0.47826086956521735,0.043478260869565216,0.3702461648555234,0.5862755742749113,student_t_over_independent_seeds,3,"[0, 1, 2]","[0.43478260869565216, 0.4782608695652174, 0.5217391304347826]"
sat_v2_fot,sat_v2,test_real/by_question_type/obj_movement,accuracy_ci95_high,0.6699624338730317,0.03787275439908035,0.5758737030649649,0.7640511646810985,student_t_over_independent_seeds,3,"[0, 1, 2]","[0.6318862491498354, 0.6703726266357259, 0.7076284258335335]"
sat_v2_fot,sat_v2,test_real/by_question_type/obj_movement,accuracy_ci95_low,0.2927817669291609,0.03664223206324976,0.2017500697761929,0.3838134640821289,student_t_over_independent_seeds,3,"[0, 1, 2]","[0.25634635325674215, 0.29237157416646653, 0.32962737336427406]"
sat_v2_fot,sat_v2,test_real/by_question_type/obj_movement,n,23.0,0.0,23.0,23.0,student_t_over_independent_seeds,3,"[0, 1, 2]","[23.0, 23.0, 23.0]"
sat_v2_fot,sat_v2,test_real/by_question_type/perspective,accuracy,0.5757575757575758,0.06060606060606061,0.42519162373800246,0.7263235277771491,student_t_over_independent_seeds,3,"[0, 1, 2]","[0.6363636363636364, 0.5757575757575758, 0.5151515151515151]"
sat_v2_fot,sat_v2,test_real/by_question_type/perspective,accuracy_ci95_high,0.7269106100773791,0.0515882296353966,0.5987480000944245,0.8550732200603337,student_t_over_independent_seeds,3,"[0, 1, 2]","[0.7781282176475764, 0.7276440336658979, 0.674959578918663]"
sat_v2_fot,sat_v2,test_real/by_question_type/perspective,accuracy_ci95_low,0.40880605696164335,0.05699255372166848,0.26721727816100344,0.5503948357622832,student_t_over_independent_seeds,3,"[0, 1, 2]","[0.466161783022664, 0.4080726333731245, 0.3521837544891414]"
sat_v2_fot,sat_v2,test_real/by_question_type/perspective,n,33.0,0.0,33.0,33.0,student_t_over_independent_seeds,3,"[0, 1, 2]","[33.0, 33.0, 33.0]"
sat_v2_fot,sat_v2,validation,accuracy,0.5910000000000001,0.010331989159885951,0.5653318445621168,0.6166681554378833,student_t_over_independent_seeds,3,"[0, 1, 2]","[0.5925, 0.58, 0.6005]"
sat_v2_fot,sat_v2,validation,accuracy_ci95_high,0.6123494068579894,0.010229641926335966,0.5869355165629305,0.6377632971530484,student_t_over_independent_seeds,3,"[0, 1, 2]","[0.6138375640007852, 0.6014571947054935, 0.6217534618676896]"
sat_v2_fot,sat_v2,validation,accuracy_ci95_low,0.5693016905368226,0.010394723242205094,0.5434776824212697,0.5951256986523754,student_t_over_independent_seeds,3,"[0, 1, 2]","[0.5708077822521831, 0.558236077729506, 0.5788612116287786]"
sat_v2_fot,sat_v2,validation,log_loss,0.6713594400087993,0.007022205308396772,0.653913907054461,0.6888049729631377,student_t_over_independent_seeds,3,"[0, 1, 2]","[0.6638449659347534, 0.677755024433136, 0.6724783296585083]"
sat_v2_fot,sat_v2,validation,n,2000.0,0.0,2000.0,2000.0,student_t_over_independent_seeds,3,"[0, 1, 2]","[2000.0, 2000.0, 2000.0]"
sat_v2_fot,sat_v2,validation/by_question_type/action_consequence,accuracy,0.5161163522012578,0.02382931535570388,0.45691627358490566,0.57531643081761,student_t_over_independent_seeds,3,"[0, 1, 2]","[0.5023584905660378, 0.5023584905660378, 0.5436320754716981]"
sat_v2_fot,sat_v2,validation/by_question_type/action_consequence,accuracy_ci95_high,0.549577676884968,0.023648451807381565,0.4908269244922058,0.6083284292777301,student_t_over_independent_seeds,3,"[0, 1, 2]","[0.5359242368680583, 0.5359242368680583, 0.5768845569187873]"
sat_v2_fot,sat_v2,validation/by_question_type/action_consequence,accuracy_ci95_low,0.48250967111893667,0.023795257846319078,0.42339420287442947,0.5416251393634438,student_t_over_independent_seeds,3,"[0, 1, 2]","[0.4687714725959278, 0.4687714725959278, 0.5099860681649544]"
sat_v2_fot,sat_v2,validation/by_question_type/action_consequence,n,848.0,0.0,848.0,848.0,student_t_over_independent_seeds,3,"[0, 1, 2]","[848.0, 848.0, 848.0]"
sat_v2_fot,sat_v2,validation/by_question_type/action_sequence,accuracy,0.52885443583118,0.037296529017417666,0.43619724375538327,0.6215116279069767,student_t_over_independent_seeds,3,"[0, 1, 2]","[0.5503875968992248, 0.48578811369509045, 0.5503875968992248]"
sat_v2_fot,sat_v2,validation/by_question_type/action_sequence,accuracy_ci95_high,0.5779675193820873,0.036797144328117856,0.48655096777056966,0.669384070993605,student_t_over_independent_seeds,3,"[0, 1, 2]","[0.5992123605653357, 0.5354778370155906, 0.5992123605653357]"
sat_v2_fot,sat_v2,validation/by_question_type/action_sequence,accuracy_ci95_low,0.4791741497763505,0.03706276180002094,0.38709771453058583,0.5712505850221151,student_t_over_independent_seeds,3,"[0, 1, 2]","[0.5005723452785036, 0.4363777587720444, 0.5005723452785036]"
sat_v2_fot,sat_v2,validation/by_question_type/action_sequence,n,387.0,0.0,387.0,387.0,student_t_over_independent_seeds,3,"[0, 1, 2]","[387.0, 387.0, 387.0]"
sat_v2_fot,sat_v2,validation/by_question_type/goal_aim,accuracy,0.5714285714285715,0.022603184511421997,0.5152746165170721,0.627582526340071,student_t_over_independent_seeds,3,"[0, 1, 2]","[0.5925925925925926, 0.5740740740740741, 0.5476190476190477]"
sat_v2_fot,sat_v2,validation/by_question_type/goal_aim,accuracy_ci95_high,0.6203165948963059,0.02206062541824554,0.5655105402702578,0.6751226495223539,student_t_over_independent_seeds,3,"[0, 1, 2]","[0.6409531063884202, 0.6229317064194874, 0.5970649718810099]"
sat_v2_fot,sat_v2,validation/by_question_type/goal_aim,accuracy_ci95_low,0.5211033550661142,0.02269098883848108,0.4647312645100458,0.5774754456221826,student_t_over_independent_seeds,3,"[0, 1, 2]","[0.5423690509702723, 0.5237260194674666, 0.49721499476060355]"
sat_v2_fot,sat_v2,validation/by_question_type/goal_aim,n,378.0,0.0,378.0,378.0,student_t_over_independent_seeds,3,"[0, 1, 2]","[378.0, 378.0, 378.0]"
sat_v2_fot,sat_v2,validation/by_question_type/obj_movement,accuracy,0.8363479758828595,0.01221140988695766,0.8060107037231978,0.8666852480425211,student_t_over_independent_seeds,3,"[0, 1, 2]","[0.8320413436692506, 0.8501291989664083, 0.8268733850129198]"
sat_v2_fot,sat_v2,validation/by_question_type/obj_movement,accuracy_ci95_high,0.8698443296314885,0.010988336148600484,0.842545586291624,0.897143072971353,student_t_over_independent_seeds,3,"[0, 1, 2]","[0.8659825909584818, 0.8822422311228434, 0.8613081668131406]"
sat_v2_fot,sat_v2,validation/by_question_type/obj_movement,accuracy_ci95_low,0.7962399033944814,0.013194452004125471,0.763460422142749,0.8290193846462137,student_t_over_independent_seeds,3,"[0, 1, 2]","[0.7915730347304079, 0.8111335453817835, 0.7860131300712527]"
sat_v2_fot,sat_v2,validation/by_question_type/obj_movement,n,387.0,0.0,387.0,387.0,student_t_over_independent_seeds,3,"[0, 1, 2]","[387.0, 387.0, 387.0]"
tetris_rotation_cnn,tetris_rotation,test_id,accuracy,1.0,0.0,1.0,1.0,student_t_over_independent_seeds,3,"[0, 1, 2]","[1.0, 1.0, 1.0]"
tetris_rotation_cnn,tetris_rotation,test_id,accuracy_ci95_high,1.0,0.0,1.0,1.0,student_t_over_independent_seeds,3,"[0, 1, 2]","[1.0, 1.0, 1.0]"
tetris_rotation_cnn,tetris_rotation,test_id,accuracy_ci95_low,0.996173241514445,0.0,0.996173241514445,0.996173241514445,student_t_over_independent_seeds,3,"[0, 1, 2]","[0.996173241514445, 0.996173241514445, 0.996173241514445]"
tetris_rotation_cnn,tetris_rotation,test_id,auc,1.0,0.0,1.0,1.0,student_t_over_independent_seeds,3,"[0, 1, 2]","[1.0, 1.0, 1.0]"
tetris_rotation_cnn,tetris_rotation,test_id,balanced_accuracy,1.0,0.0,1.0,1.0,student_t_over_independent_seeds,3,"[0, 1, 2]","[1.0, 1.0, 1.0]"
tetris_rotation_cnn,tetris_rotation,test_id,brier,0.005745638955408919,0.009547173975027424,-0.0179727701322583,0.02946404804307614,student_t_over_independent_seeds,3,"[0, 1, 2]","[0.00016098541077367724, 0.00030648563607620983, 0.01676944581937687]"
tetris_rotation_cnn,tetris_rotation,test_id,fn,0.0,0.0,0.0,0.0,student_t_over_independent_seeds,3,"[0, 1, 2]","[0.0, 0.0, 0.0]"
tetris_rotation_cnn,tetris_rotation,test_id,fp,0.0,0.0,0.0,0.0,student_t_over_independent_seeds,3,"[0, 1, 2]","[0.0, 0.0, 0.0]"
tetris_rotation_cnn,tetris_rotation,test_id,log_loss,0.04624833852642462,0.056002991720125066,-0.09288203358427644,0.1853787106371257,student_t_over_independent_seeds,3,"[0, 1, 2]","[0.012027338132708749, 0.015840132610380343, 0.11087754483618477]"
tetris_rotation_cnn,tetris_rotation,test_id,n,1000.0,0.0,1000.0,1000.0,student_t_over_independent_seeds,3,"[0, 1, 2]","[1000.0, 1000.0, 1000.0]"
tetris_rotation_cnn,tetris_rotation,test_id,threshold,0.5,0.0,0.5,0.5,student_t_over_independent_seeds,3,"[0, 1, 2]","[0.5, 0.5, 0.5]"
tetris_rotation_cnn,tetris_rotation,test_id,tn,500.0,0.0,500.0,500.0,student_t_over_independent_seeds,3,"[0, 1, 2]","[500.0, 500.0, 500.0]"
tetris_rotation_cnn,tetris_rotation,test_id,tp,500.0,0.0,500.0,500.0,student_t_over_independent_seeds,3,"[0, 1, 2]","[500.0, 500.0, 500.0]"
tetris_rotation_cnn,tetris_rotation,test_ood_angle,accuracy,0.87,0.03732291521304308,0.7772772556902388,0.9627227443097612,student_t_over_independent_seeds,3,"[0, 1, 2]","[0.902, 0.879, 0.829]"
tetris_rotation_cnn,tetris_rotation,test_ood_angle,accuracy_ci95_high,0.8892534503356305,0.034719538371334076,0.8029983745843902,0.9755085260868709,student_t_over_independent_seeds,3,"[0, 1, 2]","[0.9189179884766496, 0.8977762177107904, 0.8510661448194513]"
tetris_rotation_cnn,tetris_rotation,test_ood_angle,accuracy_ci95_low,0.8479147483850588,0.039641120991592886,0.7494327968848913,0.9463966998852262,student_t_over_independent_seeds,3,"[0, 1, 2]","[0.882005297700964, 0.8573230993571588, 0.8044158480970535]"
tetris_rotation_cnn,tetris_rotation,test_ood_angle,auc,0.978332,0.011348541404074769,0.9501383849811219,1.006525615018878,student_t_over_independent_seeds,3,"[0, 1, 2]","[0.989744, 0.978204, 0.967048]"
tetris_rotation_cnn,tetris_rotation,test_ood_angle,balanced_accuracy,0.87,0.03732291521304308,0.7772772556902388,0.9627227443097612,student_t_over_independent_seeds,3,"[0, 1, 2]","[0.902, 0.879, 0.829]"
tetris_rotation_cnn,tetris_rotation,test_ood_angle,brier,0.09649981085342439,0.021042323698146258,0.04422356209821996,0.14877605960862883,student_t_over_independent_seeds,3,"[0, 1, 2]","[0.07654160106817855, 0.09447759151729423, 0.11848023997480038]"
tetris_rotation_cnn,tetris_rotation,test_ood_angle,fn,129.66666666666666,36.77408507812714,38.30740203095618,221.02593130237713,student_t_over_independent_seeds,3,"[0, 1, 2]","[98.0, 121.0, 170.0]"
tetris_rotation_cnn,tetris_rotation,test_ood_angle,fp,0.3333333333333333,0.5773502691896257,-1.101,1.7676666666666665,student_t_over_independent_seeds,3,"[0, 1, 2]","[0.0, 0.0, 1.0]"
tetris_rotation_cnn,tetris_rotation,test_ood_angle,log_loss,0.31902999322818104,0.06334784853446097,0.16165251269896405,0.476407473757398,student_t_over_independent_seeds,3,"[0, 1, 2]","[0.2545429859417032, 0.3213733408121228, 0.38117365293071714]"
tetris_rotation_cnn,tetris_rotation,test_ood_angle,n,1000.0,0.0,1000.0,1000.0,student_t_over_independent_seeds,3,"[0, 1, 2]","[1000.0, 1000.0, 1000.0]"
tetris_rotation_cnn,tetris_rotation,test_ood_angle,threshold,0.5,0.0,0.5,0.5,student_t_over_independent_seeds,3,"[0, 1, 2]","[0.5, 0.5, 0.5]"
tetris_rotation_cnn,tetris_rotation,test_ood_angle,tn,499.6666666666667,0.5773502691896257,498.2323333333334,501.101,student_t_over_independent_seeds,3,"[0, 1, 2]","[500.0, 500.0, 499.0]"
tetris_rotation_cnn,tetris_rotation,test_ood_angle,tp,370.3333333333333,36.77408507812714,278.97406869762284,461.6925979690438,student_t_over_independent_seeds,3,"[0, 1, 2]","[402.0, 379.0, 330.0]"
tetris_rotation_cnn,tetris_rotation,validation,accuracy,1.0,0.0,1.0,1.0,student_t_over_independent_seeds,3,"[0, 1, 2]","[1.0, 1.0, 1.0]"
tetris_rotation_cnn,tetris_rotation,validation,accuracy_ci95_high,1.0,0.0,1.0,1.0,student_t_over_independent_seeds,3,"[0, 1, 2]","[1.0, 1.0, 1.0]"
tetris_rotation_cnn,tetris_rotation,validation,accuracy_ci95_low,0.996173241514445,0.0,0.996173241514445,0.996173241514445,student_t_over_independent_seeds,3,"[0, 1, 2]","[0.996173241514445, 0.996173241514445, 0.996173241514445]"
tetris_rotation_cnn,tetris_rotation,validation,auc,1.0,0.0,1.0,1.0,student_t_over_independent_seeds,3,"[0, 1, 2]","[1.0, 1.0, 1.0]"
tetris_rotation_cnn,tetris_rotation,validation,balanced_accuracy,1.0,0.0,1.0,1.0,student_t_over_independent_seeds,3,"[0, 1, 2]","[1.0, 1.0, 1.0]"
tetris_rotation_cnn,tetris_rotation,validation,brier,0.005871837467941854,0.009771180099605281,-0.018403078593912492,0.0301467535297962,student_t_over_independent_seeds,3,"[0, 1, 2]","[0.00015321059597987787, 0.0003080314958069835, 0.017154270312038703]"
tetris_rotation_cnn,tetris_rotation,validation,fn,0.0,0.0,0.0,0.0,student_t_over_independent_seeds,3,"[0, 1, 2]","[0.0, 0.0, 0.0]"
tetris_rotation_cnn,tetris_rotation,validation,fp,0.0,0.0,0.0,0.0,student_t_over_independent_seeds,3,"[0, 1, 2]","[0.0, 0.0, 0.0]"
tetris_rotation_cnn,tetris_rotation,validation,log_loss,0.04728687162688405,0.05783247050318798,-0.0963885445258964,0.1909622877796645,student_t_over_independent_seeds,3,"[0, 1, 2]","[0.011796819789154717, 0.01604274762539827, 0.11402104746609916]"
tetris_rotation_cnn,tetris_rotation,validation,n,1000.0,0.0,1000.0,1000.0,student_t_over_independent_seeds,3,"[0, 1, 2]","[1000.0, 1000.0, 1000.0]"
tetris_rotation_cnn,tetris_rotation,validation,threshold,0.5,0.0,0.5,0.5,student_t_over_independent_seeds,3,"[0, 1, 2]","[0.5, 0.5, 0.5]"
tetris_rotation_cnn,tetris_rotation,validation,tn,500.0,0.0,500.0,500.0,student_t_over_independent_seeds,3,"[0, 1, 2]","[500.0, 500.0, 500.0]"
tetris_rotation_cnn,tetris_rotation,validation,tp,500.0,0.0,500.0,500.0,student_t_over_independent_seeds,3,"[0, 1, 2]","[500.0, 500.0, 500.0]"
tetris_rotation_orbit_flow,tetris_rotation,validation,velocity_plus_reconstruction_mse,0.3453846976161003,0.08874023471128195,0.12492394190731515,0.5658454533248855,student_t_over_independent_seeds,3,"[0, 1, 2]","[0.31877119541168214, 0.44438637495040895, 0.27299652248620987]"
tetris_rotation_vit,tetris_rotation,test_id,accuracy,0.9996666666666667,0.0005773502691896262,0.9982323333333334,1.001101,student_t_over_independent_seeds,3,"[0, 1, 2]","[1.0, 0.999, 1.0]"
tetris_rotation_vit,tetris_rotation,test_id,accuracy_ci95_high,0.9999411512097912,0.00010192909460545367,0.9996879248655232,1.0001943775540594,student_t_over_independent_seeds,3,"[0, 1, 2]","[1.0, 0.9998234536293739, 1.0]"
tetris_rotation_vit,tetris_rotation,test_id,accuracy_ci95_low,0.9955679748103107,0.0010483526836903663,0.9929635121824207,0.9981724374382006,student_t_over_independent_seeds,3,"[0, 1, 2]","[0.996173241514445, 0.9943574414020421, 0.996173241514445]"
tetris_rotation_vit,tetris_rotation,test_id,auc,1.0,0.0,1.0,1.0,student_t_over_independent_seeds,3,"[0, 1, 2]","[1.0, 1.0, 1.0]"
tetris_rotation_vit,tetris_rotation,test_id,balanced_accuracy,0.9996666666666667,0.0005773502691896262,0.9982323333333334,1.001101,student_t_over_independent_seeds,3,"[0, 1, 2]","[1.0, 0.999, 1.0]"
tetris_rotation_vit,tetris_rotation,test_id,brier,0.0006698425836647423,0.0005466435371166803,-0.0006882048419270365,0.002027890009256521,student_t_over_independent_seeds,3,"[0, 1, 2]","[3.912674967605664e-05, 0.0010068178371833414, 0.0009635831641348288]"
tetris_rotation_vit,tetris_rotation,test_id,fn,0.3333333333333333,0.5773502691896257,-1.101,1.7676666666666665,student_t_over_independent_seeds,3,"[0, 1, 2]","[0.0, 1.0, 0.0]"
tetris_rotation_vit,tetris_rotation,test_id,fp,0.0,0.0,0.0,0.0,student_t_over_independent_seeds,3,"[0, 1, 2]","[0.0, 0.0, 0.0]"
tetris_rotation_vit,tetris_rotation,test_id,log_loss,0.0064012182728372564,0.004394913462326975,-0.0045172331638945965,0.017319669709569108,student_t_over_independent_seeds,3,"[0, 1, 2]","[0.0016006153853814276, 0.007376415061090375, 0.010226624372039968]"
tetris_rotation_vit,tetris_rotation,test_id,n,1000.0,0.0,1000.0,1000.0,student_t_over_independent_seeds,3,"[0, 1, 2]","[1000.0, 1000.0, 1000.0]"
tetris_rotation_vit,tetris_rotation,test_id,threshold,0.5,0.0,0.5,0.5,student_t_over_independent_seeds,3,"[0, 1, 2]","[0.5, 0.5, 0.5]"
tetris_rotation_vit,tetris_rotation,test_id,tn,500.0,0.0,500.0,500.0,student_t_over_independent_seeds,3,"[0, 1, 2]","[500.0, 500.0, 500.0]"
tetris_rotation_vit,tetris_rotation,test_id,tp,499.6666666666667,0.5773502691896257,498.2323333333334,501.101,student_t_over_independent_seeds,3,"[0, 1, 2]","[500.0, 499.0, 500.0]"
tetris_rotation_vit,tetris_rotation,test_ood_angle,accuracy,0.5683333333333334,0.12114591752648261,0.2673659016399505,0.8693007650267162,student_t_over_independent_seeds,3,"[0, 1, 2]","[0.478, 0.706, 0.521]"
tetris_rotation_vit,tetris_rotation,test_ood_angle,accuracy_ci95_high,0.5980711961302361,0.11914447432122124,0.3020760262634724,0.8940663659969997,student_t_over_independent_seeds,3,"[0, 1, 2]","[0.5089847478728319, 0.7334059909796873, 0.5518228495381892]"
tetris_rotation_vit,tetris_rotation,test_ood_angle,accuracy_ci95_low,0.5380724802100714,0.12222081227482152,0.23443464642346445,0.8417103139966783,student_t_over_independent_seeds,3,"[0, 1, 2]","[0.44718362950053253, 0.677017384524264, 0.49001642660541767]"
tetris_rotation_vit,tetris_rotation,test_ood_angle,auc,0.5766506666666666,0.15129535534620134,0.20078183463829924,0.952519498695034,student_t_over_independent_seeds,3,"[0, 1, 2]","[0.46606, 0.749068, 0.514824]"
tetris_rotation_vit,tetris_rotation,test_ood_angle,balanced_accuracy,0.5683333333333334,0.12114591752648261,0.2673659016399505,0.8693007650267162,student_t_over_independent_seeds,3,"[0, 1, 2]","[0.478, 0.706, 0.521]"
tetris_rotation_vit,tetris_rotation,test_ood_angle,brier,0.4047026299886689,0.11883230603097863,0.10948299173278181,0.6999222682445561,student_t_over_independent_seeds,3,"[0, 1, 2]","[0.5006543812238267, 0.2717793410330727, 0.4416741677091074]"
tetris_rotation_vit,tetris_rotation,test_ood_angle,fn,332.3333333333333,63.68935023481817,174.10744708171168,490.5592195849549,student_t_over_independent_seeds,3,"[0, 1, 2]","[393.0, 266.0, 338.0]"
tetris_rotation_vit,tetris_rotation,test_ood_angle,fp,99.33333333333333,62.06716791777544,-54.862503407193216,253.52917007385986,student_t_over_independent_seeds,3,"[0, 1, 2]","[129.0, 28.0, 141.0]"
tetris_rotation_vit,tetris_rotation,test_ood_angle,log_loss,2.4684525804443527,0.9042967662338004,0.22187357242682682,4.715031588461878,student_t_over_independent_seeds,3,"[0, 1, 2]","[3.470197861603553, 1.7123693695950941, 2.22279051013441]"
tetris_rotation_vit,tetris_rotation,test_ood_angle,n,1000.0,0.0,1000.0,1000.0,student_t_over_independent_seeds,3,"[0, 1, 2]","[1000.0, 1000.0, 1000.0]"
tetris_rotation_vit,tetris_rotation,test_ood_angle,threshold,0.5,0.0,0.5,0.5,student_t_over_independent_seeds,3,"[0, 1, 2]","[0.5, 0.5, 0.5]"
tetris_rotation_vit,tetris_rotation,test_ood_angle,tn,400.6666666666667,62.06716791777544,246.47082992614014,554.8625034071932,student_t_over_independent_seeds,3,"[0, 1, 2]","[371.0, 472.0, 359.0]"
tetris_rotation_vit,tetris_rotation,test_ood_angle,tp,167.66666666666666,63.68935023481817,9.440780415045026,325.8925529182883,student_t_over_independent_seeds,3,"[0, 1, 2]","[107.0, 234.0, 162.0]"
tetris_rotation_vit,tetris_rotation,validation,accuracy,1.0,0.0,1.0,1.0,student_t_over_independent_seeds,3,"[0, 1, 2]","[1.0, 1.0, 1.0]"
tetris_rotation_vit,tetris_rotation,validation,accuracy_ci95_high,1.0,0.0,1.0,1.0,student_t_over_independent_seeds,3,"[0, 1, 2]","[1.0, 1.0, 1.0]"
tetris_rotation_vit,tetris_rotation,validation,accuracy_ci95_low,0.996173241514445,0.0,0.996173241514445,0.996173241514445,student_t_over_independent_seeds,3,"[0, 1, 2]","[0.996173241514445, 0.996173241514445, 0.996173241514445]"
tetris_rotation_vit,tetris_rotation,validation,auc,1.0,0.0,1.0,1.0,student_t_over_independent_seeds,3,"[0, 1, 2]","[1.0, 1.0, 1.0]"
tetris_rotation_vit,tetris_rotation,validation,balanced_accuracy,1.0,0.0,1.0,1.0,student_t_over_independent_seeds,3,"[0, 1, 2]","[1.0, 1.0, 1.0]"
tetris_rotation_vit,tetris_rotation,validation,brier,0.0005607625921419064,0.0004054442140604419,-0.0004464979601919223,0.0015680231444757352,student_t_over_independent_seeds,3,"[0, 1, 2]","[0.00010107539795569087, 0.0007137896979001919, 0.0008674226805698365]"
tetris_rotation_vit,tetris_rotation,validation,fn,0.0,0.0,0.0,0.0,student_t_over_independent_seeds,3,"[0, 1, 2]","[0.0, 0.0, 0.0]"
tetris_rotation_vit,tetris_rotation,validation,fp,0.0,0.0,0.0,0.0,student_t_over_independent_seeds,3,"[0, 1, 2]","[0.0, 0.0, 0.0]"
tetris_rotation_vit,tetris_rotation,validation,log_loss,0.0063606864057705334,0.004086517404581413,-0.0037916049214078455,0.01651297773294891,student_t_over_independent_seeds,3,"[0, 1, 2]","[0.001974898049794903, 0.007045843912323898, 0.010061317255192801]"
tetris_rotation_vit,tetris_rotation,validation,n,1000.0,0.0,1000.0,1000.0,student_t_over_independent_seeds,3,"[0, 1, 2]","[1000.0, 1000.0, 1000.0]"
tetris_rotation_vit,tetris_rotation,validation,threshold,0.5,0.0,0.5,0.5,student_t_over_independent_seeds,3,"[0, 1, 2]","[0.5, 0.5, 0.5]"
tetris_rotation_vit,tetris_rotation,validation,tn,500.0,0.0,500.0,500.0,student_t_over_independent_seeds,3,"[0, 1, 2]","[500.0, 500.0, 500.0]"
tetris_rotation_vit,tetris_rotation,validation,tp,500.0,0.0,500.0,500.0,student_t_over_independent_seeds,3,"[0, 1, 2]","[500.0, 500.0, 500.0]"
